Date;Time;instr;price;volume;Exchg;Sales;Corr;Seq;Stop;Source;TRF;Excl;Filter
11.01.2011;09:30:00.338;IBM;18.07;500;T;O X;0;5787;N;C;;;
11.01.2011;09:30:00.338;IBM;18.07;500;T;Q;0;5788;N;C;;X;
11.01.2011;09:33:49.343;IBM;18.5;150;T;F;0;37335;N;C;;;
11.01.2011;09:39:29.281;IBM;19.2;4924;N;O;0;96447;N;C;;;
11.01.2011;09:39:29.349;IBM;19.24;500;D;@;0;96464;N;C;T;;
11.01.2011;09:39:29.411;IBM;19.24;200;N;F;0;96477;N;C;;;
11.01.2011;09:39:29.425;IBM;19.195;100;Z;@;0;96478;N;C;;;
11.01.2011;09:39:29.707;IBM;19.154;104;D;@;0;96507;N;C;T;;
11.01.2011;09:39:30.886;IBM;19.46;100;P;Q;0;96658;N;C;;X;
11.01.2011;09:39:30.886;IBM;19.46;100;P;F;0;96659;N;C;;;
11.01.2011;09:39:30.886;IBM;19.48;100;P;F;0;96660;N;C;;;
11.01.2011;09:39:37.032;IBM;19.5;100;K;@;0;97467;N;C;;;
11.01.2011;09:39:37.144;IBM;19.48;100;K;F;0;97475;N;C;;;
11.01.2011;09:39:37.915;IBM;19.44;100;Z;F;0;97576;N;C;;;
11.01.2011;09:39:37.917;IBM;19.45;100;Z;F;0;97577;N;C;;;
11.01.2011;09:39:38.475;IBM;19.45;100;Z;@;0;97652;N;C;;;
11.01.2011;09:39:44.001;IBM;19.5;500;N;@;0;98917;N;C;;;
11.01.2011;09:39:48.106;IBM;19.54;100;N;F;0;99639;N;C;;;
11.01.2011;09:40:00.855;IBM;19.62;100;N;@;0;102192;N;C;;;
11.01.2011;09:40:04.732;IBM;19.661;505;D;@;0;103047;N;C;T;;
11.01.2011;09:40:27.567;IBM;19.7;285;K;F;0;107209;N;C;;;
11.01.2011;09:40:27.567;IBM;19.7;215;K;F;0;107210;N;C;;;
11.01.2011;09:41:02.420;IBM;19.6847;900;D;@;0;113684;N;C;T;;
11.01.2011;09:41:11.627;IBM;19.61;100;T;F;0;115821;N;C;;;
11.01.2011;09:41:11.627;IBM;19.61;100;N;F;0;115822;N;C;;;
11.01.2011;09:41:19.713;IBM;19.61;100;K;@;0;116981;N;C;;;
11.01.2011;09:41:19.715;IBM;19.61;100;K;@;0;116982;N;C;;;
11.01.2011;09:42:18.352;IBM;19.6;200;N;@;0;126953;N;C;;;
11.01.2011;09:42:57.172;IBM;19.7;100;T;F;0;134182;N;C;;;
11.01.2011;09:42:57.724;IBM;19.7;100;N;@;0;134278;N;C;;;
11.01.2011;09:42:58.236;IBM;19.7;100;N;@;0;134372;N;C;;;
11.01.2011;09:43:15.358;IBM;19.87;100;T;F;0;136292;N;C;;;
11.01.2011;09:43:15.994;IBM;19.87;400;D;@;0;136350;N;C;T;;
11.01.2011;09:43:49.107;IBM;19.866;1000;D;@;0;141296;N;C;T;;
11.01.2011;09:43:49.173;IBM;19.92;100;Z;@;0;141302;N;C;;;
11.01.2011;09:43:49.247;IBM;19.85;200;D;@;0;141304;N;C;T;;
11.01.2011;09:44:13.589;IBM;19.91;200;N;@;0;143953;N;C;;;
11.01.2011;09:44:13.637;IBM;19.9099;200;D;@;0;143956;N;C;T;;
11.01.2011;09:44:14.439;IBM;19.93;400;T;@;0;144000;N;C;;;
11.01.2011;09:46:39.635;IBM;19.83;100;K;@;0;168169;N;C;;;
11.01.2011;09:46:39.637;IBM;19.83;100;K;@;0;168170;N;C;;;
11.01.2011;09:46:39.639;IBM;19.83;100;N;F;0;168176;N;C;;;
11.01.2011;09:46:50.933;IBM;19.91;100;N;@;0;169698;N;C;;;
11.01.2011;09:46:50.995;IBM;19.95;100;D;@;0;169701;N;C;T;;
11.01.2011;09:49:10.431;IBM;19.86;100;N;@;0;186447;N;C;;;
11.01.2011;09:49:10.431;IBM;19.86;288;N;@;0;186448;N;C;;;
11.01.2011;09:51:45.242;IBM;19.88;100;K;@;0;205780;N;C;;;
11.01.2011;09:51:45.953;IBM;19.76;100;N;@;0;205819;N;C;;;
11.01.2011;09:51:57.053;IBM;19.85;100;K;F;0;206780;N;C;;;
11.01.2011;09:52:26.206;IBM;19.88;100;Z;@;0;209955;N;C;;;
11.01.2011;09:52:26.268;IBM;19.89;1000;D;@;0;209960;N;C;T;;
11.01.2011;09:53:00.249;IBM;19.8664;600;D;@;0;212974;N;C;T;;
11.01.2011;09:53:45.326;IBM;19.96;300;N;@;0;217222;N;C;;;
11.01.2011;09:53:45.356;IBM;20;1200;D;@;0;217226;N;C;T;;
11.01.2011;09:53:53.177;IBM;19.93;100;K;F;0;218007;N;C;;;
11.01.2011;09:54:18.794;IBM;19.98;100;K;@;0;221015;N;C;;;
11.01.2011;09:55:25.427;IBM;19.97;100;N;@;0;227400;N;C;;;
11.01.2011;09:55:25.427;IBM;19.98;100;N;@;0;227401;N;C;;;
11.01.2011;09:55:25.788;IBM;19.98;288;T;@;0;227417;N;C;;;
11.01.2011;09:58:14.279;IBM;19.9;150;Y;@;0;244470;N;C;;;
11.01.2011;09:58:14.457;IBM;19.98;200;N;@;0;244475;N;C;;;
11.01.2011;09:58:14.475;IBM;20;1000;N;F;0;244476;N;C;;;
11.01.2011;09:58:14.477;IBM;19.99;100;T;F;0;244477;N;C;;;
11.01.2011;09:58:30.942;IBM;20.02;100;N;@;0;245664;N;C;;;
11.01.2011;09:59:50.150;IBM;19.997;700;D;@;0;253299;N;C;T;;
11.01.2011;10:00:33.109;IBM;20.13;300;Z;F;0;269514;N;C;;;
11.01.2011;10:05:54.173;IBM;20.13;100;N;@;0;322612;N;C;;;
11.01.2011;10:05:58.027;IBM;20.13;100;Z;@;0;323246;N;C;;;
11.01.2011;10:06:01.964;IBM;20.13;1000;Z;@;0;323551;N;C;;;
11.01.2011;10:06:17.025;IBM;20.13;100;Z;@;0;325005;N;C;;;
11.01.2011;10:06:35.032;IBM;20.13;100;Z;@;0;326942;N;C;;;
11.01.2011;10:06:51.036;IBM;20.12;100;P;@;0;329359;N;C;;;
11.01.2011;10:06:51.038;IBM;20.12;100;N;@;0;329360;N;C;;;
11.01.2011;10:06:51.040;IBM;20.12;100;K;@;0;329361;N;C;;;
11.01.2011;10:07:53.023;IBM;20.12;100;K;@;0;336533;N;C;;;
11.01.2011;10:10:55.685;IBM;20.13;100;Z;F;0;356403;N;C;;;
11.01.2011;10:10:55.701;IBM;20.13;700;Z;F;0;356404;N;C;;;
11.01.2011;10:10:55.715;IBM;20.13;550;Z;F;0;356405;N;C;;;
11.01.2011;10:10:55.719;IBM;20.13;100;K;F;0;356408;N;C;;;
11.01.2011;10:10:56.910;IBM;20.29;100;Z;@;0;356578;N;C;;;
11.01.2011;10:10:57.014;IBM;20.3;285;K;@;0;356604;N;C;;;
11.01.2011;10:10:57.132;IBM;20.35;100;N;@;0;356611;N;C;;;
11.01.2011;10:10:57.348;IBM;20.35;1065;D;@;0;356622;N;C;T;;
11.01.2011;10:11:27.616;IBM;20.23;100;Z;@;0;361050;N;C;;;
11.01.2011;10:11:29.277;IBM;20.33;100;K;@;0;361169;N;C;;;
11.01.2011;10:11:31.324;IBM;20.18;100;K;@;0;361555;N;C;;;
11.01.2011;10:11:31.498;IBM;20.18;100;T;@;0;361557;N;C;;;
11.01.2011;10:11:31.636;IBM;20.18;100;T;@;0;361577;N;C;;;
11.01.2011;10:11:32.603;IBM;20.18;100;T;@;0;362069;N;C;;;
11.01.2011;10:11:33.435;IBM;20.18;1000;D;@;0;362251;N;C;T;;
11.01.2011;10:12:45.482;IBM;20.18;500;T;F;0;370959;N;C;;;
11.01.2011;10:12:54.712;IBM;20.35;100;P;F;0;371757;N;C;;;
11.01.2011;10:12:54.714;IBM;20.35;100;K;F;0;371758;N;C;;;
11.01.2011;10:17:30.605;IBM;20.24;200;N;@;0;397693;N;C;;;
11.01.2011;10:17:30.605;IBM;20.24;100;N;@;0;397694;N;C;;;
11.01.2011;10:17:38.276;IBM;20.2;100;N;F;0;398526;N;C;;;
11.01.2011;10:17:38.278;IBM;20.2;100;N;F;0;398528;N;C;;;
11.01.2011;10:17:38.282;IBM;20.23;100;K;F;0;398532;N;C;;;
11.01.2011;10:21:26.284;IBM;20.16;100;K;F;0;419690;N;C;;;
11.01.2011;10:22:38.155;IBM;20.2;100;N;F;0;425466;N;C;;;
11.01.2011;10:23:06.164;IBM;20.2;100;N;F;0;427500;N;C;;;
11.01.2011;10:23:14.513;IBM;20.2;100;N;F;0;428208;N;C;;;
11.01.2011;10:23:15.665;IBM;20.24;100;Z;@;0;428252;N;C;;;
11.01.2011;10:23:15.721;IBM;20.27;100;P;F;0;428266;N;C;;;
11.01.2011;10:23:15.723;IBM;20.27;100;Z;F;0;428267;N;C;;;
11.01.2011;10:23:15.725;IBM;20.2;100;K;F;0;428268;N;C;;;
11.01.2011;10:23:33.174;IBM;20.34;100;N;F;0;429338;N;C;;;
11.01.2011;10:24:06.185;IBM;20.34;100;K;F;0;433269;N;C;;;
11.01.2011;10:24:43.146;IBM;20.34;100;K;F;0;436038;N;C;;;
11.01.2011;10:24:43.202;IBM;20.28;100;N;@;0;436043;N;C;;;
11.01.2011;10:25:26.143;IBM;20.35;100;N;F;0;441906;N;C;;;
11.01.2011;10:25:50.160;IBM;20.35;300;N;@;0;444594;N;C;;;
11.01.2011;10:25:50.166;IBM;20.35;500;N;F;0;444595;N;C;;;
11.01.2011;10:25:51.107;IBM;20.35;300;N;@;0;444744;N;C;;;
11.01.2011;10:26:01.159;IBM;20.35;100;N;F;0;445667;N;C;;;
11.01.2011;10:26:34.194;IBM;20.35;100;N;F;0;449372;N;C;;;
11.01.2011;10:26:39.791;IBM;20.35;400;N;@;0;450074;N;C;;;
11.01.2011;10:26:43.338;IBM;20.35;100;K;@;0;450297;N;C;;;
11.01.2011;10:26:53.599;IBM;20.53;100;K;F;0;451446;N;C;;;
11.01.2011;10:27:00.161;IBM;20.62;100;N;F;0;452346;N;C;;;
11.01.2011;10:27:05.473;IBM;20.75;100;T;@;0;453032;N;C;;;
11.01.2011;10:27:15.951;IBM;20.65;300;N;@;0;453813;N;C;;;
11.01.2011;10:27:16.021;IBM;20.65;100;Y;@;0;453817;N;C;;;
11.01.2011;10:27:19.054;IBM;20.64;100;N;@;0;454190;N;C;;;
11.01.2011;10:27:19.054;IBM;20.64;100;N;@;0;454191;N;C;;;
11.01.2011;10:28:04.477;IBM;20.66;100;N;@;0;457122;N;C;;;
11.01.2011;10:29:04.147;IBM;20.86;100;N;F;0;461902;N;C;;;
11.01.2011;10:29:14.178;IBM;20.87;100;N;F;0;462973;N;C;;;
11.01.2011;10:29:20.369;IBM;20.69;600;D;@;0;463309;N;C;T;;
11.01.2011;10:29:33.343;IBM;20.73;100;K;@;0;464616;N;C;;;
11.01.2011;10:30:26.378;IBM;20.78;100;K;@;0;468319;N;C;;;
11.01.2011;10:30:28.142;IBM;20.91;100;K;F;0;468397;N;C;;;
11.01.2011;10:31:22.157;IBM;20.96;100;Z;F;0;473547;N;C;;;
11.01.2011;10:31:22.157;IBM;20.96;100;Z;F;0;473548;N;C;;;
11.01.2011;10:33:04.204;IBM;20.95;100;N;F;0;482093;N;C;;;
11.01.2011;10:33:04.216;IBM;20.96;100;N;F;0;482094;N;C;;;
11.01.2011;10:35:38.151;IBM;20.96;100;N;F;0;492771;N;C;;;
11.01.2011;10:35:46.676;IBM;20.85;100;N;F;0;493483;N;C;;;
11.01.2011;10:35:46.676;IBM;20.85;200;N;F;0;493484;N;C;;;
11.01.2011;10:35:46.678;IBM;20.85;100;K;F;0;493485;N;C;;;
11.01.2011;10:35:46.680;IBM;20.85;100;K;F;0;493486;N;C;;;
11.01.2011;10:35:46.700;IBM;20.865;200;Z;@;0;493487;N;C;;;
11.01.2011;10:35:46.700;IBM;20.865;300;P;@;0;493488;N;C;;;
11.01.2011;10:35:47.506;IBM;20.75;100;N;@;0;493540;N;C;;;
11.01.2011;10:39:07.749;IBM;20.678;150;D;@;0;512731;N;C;T;;
11.01.2011;10:40:30.777;IBM;20.68;100;Z;F;0;519494;N;C;;;
11.01.2011;10:40:30.777;IBM;20.68;100;Z;F;0;519495;N;C;;;
11.01.2011;10:40:30.777;IBM;20.68;100;Z;F;0;519496;N;C;;;
11.01.2011;10:40:30.779;IBM;20.68;100;N;F;0;519498;N;C;;;
11.01.2011;10:40:30.793;IBM;20.54;100;N;F;0;519500;N;C;;;
11.01.2011;10:40:47.565;IBM;20.565;100;P;@;0;520502;N;C;;;
11.01.2011;10:40:47.653;IBM;20.42;105;D;@;0;520503;N;C;T;;
11.01.2011;10:40:47.682;IBM;20.41;100;N;F;0;520504;N;C;;;
11.01.2011;10:41:40.381;IBM;20.4668;112;D;@;0;523531;N;C;T;;
11.01.2011;10:44:17.110;IBM;20.58;185;N;F;0;534315;N;C;;;
11.01.2011;10:45:16.348;IBM;20.531;400;D;@;0;538425;N;C;T;;
11.01.2011;10:45:51.989;IBM;20.58;100;N;@;0;540226;N;C;;;
11.01.2011;10:45:52.107;IBM;20.58;100;P;@;0;540233;N;C;;;
11.01.2011;10:45:52.111;IBM;20.58;100;K;@;0;540235;N;C;;;
11.01.2011;10:45:52.431;IBM;20.85;450;D;@;0;540249;N;C;T;;
11.01.2011;10:45:53.402;IBM;20.55;100;J;@;0;540272;N;C;;;
11.01.2011;10:46:32.243;IBM;20.74;100;B;F;0;542420;N;C;;;
11.01.2011;10:46:59.520;IBM;20.74;100;K;F;0;545616;N;C;;;
11.01.2011;10:46:59.523;IBM;20.77;100;N;F;0;545617;N;C;;;
11.01.2011;10:48:43.131;IBM;20.85;100;Z;F;0;552300;N;C;;;
11.01.2011;10:48:43.131;IBM;20.85;100;N;F;0;552301;N;C;;;
11.01.2011;10:48:43.131;IBM;20.85;100;K;F;0;552302;N;C;;;
11.01.2011;10:49:18.122;IBM;20.81;100;K;@;0;554258;N;C;;;
11.01.2011;10:49:28.659;IBM;20.85;100;N;F;0;555385;N;C;;;
11.01.2011;10:49:28.659;IBM;20.85;1005;N;F;0;555386;N;C;;;
11.01.2011;10:49:29.348;IBM;20.836;100;D;@;0;555402;N;C;T;;
11.01.2011;10:49:29.656;IBM;20.836;1005;D;@;0;555409;N;C;T;;
11.01.2011;10:49:30.252;IBM;20.836;300;D;@;0;555423;N;C;T;;
11.01.2011;10:50:03.275;IBM;20.8495;100;D;@;0;557587;N;C;T;;
11.01.2011;10:50:17.155;IBM;20.78;100;K;@;0;558790;N;C;;;
11.01.2011;10:50:18.155;IBM;20.78;100;P;@;0;558855;N;C;;;
11.01.2011;10:50:18.155;IBM;20.78;100;Z;@;0;558856;N;C;;;
11.01.2011;10:50:32.182;IBM;20.78;100;K;@;0;559501;N;C;;;
11.01.2011;10:50:52.183;IBM;20.78;200;K;@;0;560676;N;C;;;
11.01.2011;10:54:08.246;IBM;20.8395;100;D;@;0;574537;N;C;T;;
11.01.2011;10:54:31.322;IBM;20.8;100;K;@;0;576312;N;C;;;
11.01.2011;10:54:31.324;IBM;20.8;100;K;@;0;576316;N;C;;;
11.01.2011;10:54:34.452;IBM;20.78;100;Z;@;0;576801;N;C;;;
11.01.2011;10:56:23.449;IBM;20.823;125;D;@;0;589598;N;C;T;;
11.01.2011;10:56:49.449;IBM;20.81;100;K;@;0;591512;N;C;;;
11.01.2011;10:56:54.627;IBM;20.78;100;Z;F;0;592004;N;C;;;
11.01.2011;10:56:54.627;IBM;20.75;100;N;F;0;592005;N;C;;;
11.01.2011;10:59:00.522;IBM;20.75;125;N;F;0;602573;N;C;;;
11.01.2011;10:59:40.597;IBM;20.74;100;K;F;0;604906;N;C;;;
11.01.2011;11:00:32.599;IBM;20.71;100;N;@;0;609307;N;C;;;
11.01.2011;11:12:54.808;IBM;20.65;100;Z;@;0;658782;N;C;;;
11.01.2011;11:12:54.906;IBM;20.65;300;D;@;0;658800;N;C;T;;
11.01.2011;11:17:14.095;IBM;20.64;100;K;F;0;672694;N;C;;;
11.01.2011;11:17:14.095;IBM;20.64;100;K;F;0;672695;N;C;;;
11.01.2011;11:17:14.097;IBM;20.64;100;K;F;0;672696;N;C;;;
11.01.2011;11:17:14.097;IBM;20.64;100;K;F;0;672697;N;C;;;
11.01.2011;11:17:14.099;IBM;20.52;100;T;F;0;672698;N;C;;;
11.01.2011;11:17:14.101;IBM;20.52;100;B;F;0;672699;N;C;;;
11.01.2011;11:17:14.105;IBM;20.52;100;N;F;0;672701;N;C;;;
11.01.2011;11:17:14.109;IBM;20.51;100;P;F;0;672702;N;C;;;
11.01.2011;11:17:14.153;IBM;20.64;100;D;@;0;672703;N;C;T;;
11.01.2011;11:17:26.623;IBM;20.57;100;K;@;0;673601;N;C;;;
11.01.2011;11:18:45.991;IBM;20.51;100;P;F;0;678903;N;C;;;
11.01.2011;11:18:45.993;IBM;20.51;100;N;F;0;678904;N;C;;;
11.01.2011;11:18:46.881;IBM;20.51;100;P;@;0;678936;N;C;;;
11.01.2011;11:22:08.578;IBM;20.61;100;K;F;0;693851;N;C;;;
11.01.2011;11:28:52.218;IBM;20.58;100;K;@;0;721378;N;C;;;
11.01.2011;11:29:41.856;IBM;20.5;100;N;F;0;724474;N;C;;;
11.01.2011;11:29:41.856;IBM;20.5;107;N;F;0;724475;N;C;;;
11.01.2011;11:29:41.856;IBM;20.54;100;K;F;0;724476;N;C;;;
11.01.2011;11:30:25.897;IBM;20.34;100;N;F;0;726888;N;C;;;
11.01.2011;11:30:40.404;IBM;20.34;100;T;@;0;729188;N;C;;;
11.01.2011;11:30:40.404;IBM;20.34;100;N;@;0;729189;N;C;;;
11.01.2011;11:31:32.547;IBM;20.3707;1000;D;@;0;733524;N;C;T;;
11.01.2011;11:33:09.465;IBM;20.38;100;N;@;0;740242;N;C;;;
11.01.2011;11:33:24.480;IBM;20.38;100;N;@;0;741477;N;C;;;
11.01.2011;11:36:46.302;IBM;20.4;100;N;@;0;761788;N;C;;;
11.01.2011;11:36:46.302;IBM;20.42;100;K;F;0;761789;N;C;;;
11.01.2011;11:36:46.302;IBM;20.4;100;N;@;0;761790;N;C;;;
11.01.2011;11:36:46.304;IBM;20.42;100;K;F;0;761791;N;C;;;
11.01.2011;11:37:23.130;IBM;20.3;100;P;@;0;764511;N;C;;;
11.01.2011;11:39:44.462;IBM;20.37;100;K;@;0;773892;N;C;;;
11.01.2011;11:40:20.459;IBM;20.37;100;K;F;0;776248;N;C;;;
11.01.2011;11:48:27.260;IBM;20.31;100;K;F;0;806201;N;C;;;
11.01.2011;11:48:53.396;IBM;20.18;100;K;@;0;808065;N;C;;;
11.01.2011;11:50:38.546;IBM;20.15;100;K;F;0;819221;N;C;;;
11.01.2011;11:51:13.828;IBM;20.108;200;D;@;0;822491;N;C;T;;
11.01.2011;11:53:48.923;IBM;20.14;100;K;@;0;838546;N;C;;;
11.01.2011;11:57:03.591;IBM;20.11;100;K;F;0;853166;N;C;;;
11.01.2011;11:58:11.604;IBM;20.08;100;N;@;0;856150;N;C;;;
11.01.2011;12:01:04.604;IBM;20;100;K;F;0;867468;N;C;;;
11.01.2011;12:02:48.044;IBM;20;100;N;F;0;876803;N;C;;;
11.01.2011;12:04:01.389;IBM;19.98;100;K;@;0;883568;N;C;;;
11.01.2011;12:05:19.003;IBM;19.98;100;T;@;0;889692;N;C;;;
11.01.2011;12:05:20.003;IBM;19.98;100;K;F;0;889745;N;C;;;
11.01.2011;12:05:20.005;IBM;19.98;200;K;F;0;889746;N;C;;;
11.01.2011;12:05:20.127;IBM;19.98;100;D;@;0;889748;N;C;T;;
11.01.2011;12:05:20.545;IBM;19.98;100;D;@;0;889771;N;C;T;;
11.01.2011;12:05:58.983;IBM;19.98;100;C;F;0;892372;N;C;;;
11.01.2011;12:05:58.983;IBM;19.98;600;C;F;0;892373;N;C;;;
11.01.2011;12:05:59.249;IBM;19.98;100;D;@;0;892384;N;C;T;;
11.01.2011;12:06:00.221;IBM;19.98;100;C;F;0;892449;N;C;;;
11.01.2011;12:06:00.221;IBM;19.98;100;C;F;0;892450;N;C;;;
11.01.2011;12:06:05.720;IBM;19.9;100;Z;@;0;893424;N;C;;;
11.01.2011;12:06:52.011;IBM;19.87;100;N;@;0;898069;N;C;;;
11.01.2011;12:06:52.025;IBM;19.67;100;P;F;0;898072;N;C;;;
11.01.2011;12:06:52.029;IBM;19.68;100;T;F;0;898073;N;C;;;
11.01.2011;12:06:52.029;IBM;19.68;100;N;F;0;898074;N;C;;;
11.01.2011;12:06:52.029;IBM;19.61;100;N;F;0;898075;N;C;;;
11.01.2011;12:06:52.037;IBM;19.69;100;Z;F;0;898076;N;C;;;
11.01.2011;12:06:52.037;IBM;19.6;300;K;F;0;898077;N;C;;;
11.01.2011;12:06:52.039;IBM;19.68;100;T;F;0;898078;N;C;;;
11.01.2011;12:06:52.039;IBM;19.68;200;Z;F;0;898079;N;C;;;
11.01.2011;12:06:52.039;IBM;19.68;100;P;F;0;898080;N;C;;;
11.01.2011;12:06:52.045;IBM;19.62;100;T;F;0;898081;N;C;;;
11.01.2011;12:06:52.047;IBM;19.61;100;P;F;0;898083;N;C;;;
11.01.2011;12:06:52.047;IBM;19.61;100;Z;F;0;898084;N;C;;;
11.01.2011;12:06:52.049;IBM;19.8701;100;D;@;0;898086;N;C;T;;
11.01.2011;12:06:52.051;IBM;19.6;200;N;F;0;898087;N;C;;;
11.01.2011;12:06:52.071;IBM;19.59;300;N;@;0;898088;N;C;;;
11.01.2011;12:06:52.075;IBM;19.55;100;P;@;0;898089;N;C;;;
11.01.2011;12:06:52.077;IBM;19.55;100;P;@;0;898090;N;C;;;
11.01.2011;12:06:52.287;IBM;19.66;100;N;@;0;898093;N;C;;;
11.01.2011;12:06:52.289;IBM;19.54;100;Z;@;0;898094;N;C;;;
11.01.2011;12:06:52.291;IBM;19.54;100;N;@;0;898095;N;C;;;
11.01.2011;12:06:52.549;IBM;19.48;200;P;@;0;898099;N;C;;;
11.01.2011;12:06:52.551;IBM;19.48;800;K;@;0;898100;N;C;;;
11.01.2011;12:06:52.650;IBM;19.37;2224;D;@;0;898113;N;C;T;;
11.01.2011;12:07:40.471;IBM;19.56;100;P;@;0;901245;N;C;;;
11.01.2011;12:07:40.471;IBM;19.56;450;N;@;0;901246;N;C;;;
11.01.2011;12:07:40.473;IBM;19.6;100;N;F;0;901247;N;C;;;
11.01.2011;12:09:00.428;IBM;19.57;100;K;@;0;907587;N;C;;;
11.01.2011;12:12:35.934;IBM;20.1405;1000;D;@;0;922625;N;C;T;;19.56
11.01.2011;12:14:25.323;IBM;19.85;100;Y;@;0;928745;N;C;;;
11.01.2011;12:14:25.405;IBM;19.83;100;N;@;0;928747;N;C;;;
11.01.2011;12:14:25.421;IBM;19.635;100;K;@;0;928748;N;C;;;
11.01.2011;12:14:25.461;IBM;19.83;100;B;@;0;928749;N;C;;;
11.01.2011;12:14:25.763;IBM;19.67;100;N;@;0;928751;N;C;;;
11.01.2011;12:14:26.047;IBM;19.78;100;N;F;0;928752;N;C;;;
11.01.2011;12:14:26.047;IBM;19.8;100;N;F;0;928753;N;C;;;
11.01.2011;12:14:26.047;IBM;19.83;300;N;F;0;928754;N;C;;;
11.01.2011;12:14:26.049;IBM;19.9;100;T;F;0;928755;N;C;;;
11.01.2011;12:14:26.049;IBM;19.9;100;T;F;0;928756;N;C;;;
11.01.2011;12:14:26.049;IBM;19.9;300;T;F;0;928757;N;C;;;
11.01.2011;12:17:51.015;IBM;19.88;100;K;@;0;940009;N;C;;;
11.01.2011;12:23:57.061;IBM;19.89;100;K;@;0;963728;N;C;;;
11.01.2011;12:25:54.190;IBM;19.85;100;Y;F;0;971047;N;C;;;
11.01.2011;12:26:12.630;IBM;19.85;150;N;@;0;971721;N;C;;;
11.01.2011;12:26:12.630;IBM;19.68;200;N;F;0;971722;N;C;;;
11.01.2011;12:26:12.630;IBM;19.71;100;T;F;0;971723;N;C;;;
11.01.2011;12:26:12.632;IBM;19.85;100;K;@;0;971724;N;C;;;
11.01.2011;12:26:12.642;IBM;19.54;100;N;@;0;971725;N;C;;;
11.01.2011;12:26:12.762;IBM;19.68;250;W;F;0;971738;N;C;;;
11.01.2011;12:26:20.006;IBM;19.57;100;B;F;0;972459;N;C;;;
11.01.2011;12:26:20.052;IBM;19.57;100;D;@;0;972462;N;C;T;;
11.01.2011;12:30:05.248;IBM;19.55;100;K;@;0;985065;N;C;;;
11.01.2011;12:30:17.832;IBM;19.55;100;K;F;0;985505;N;C;;;
11.01.2011;12:31:40.456;IBM;19.515;100;Z;@;0;991010;N;C;;;
11.01.2011;12:31:40.500;IBM;19.47;100;N;F;0;991012;N;C;;;
11.01.2011;12:31:40.508;IBM;19.36;200;Z;F;0;991013;N;C;;;
11.01.2011;12:31:40.508;IBM;19.37;100;T;F;0;991014;N;C;;;
11.01.2011;12:31:40.514;IBM;19.37;100;N;F;0;991016;N;C;;;
11.01.2011;12:31:40.528;IBM;19.28;100;N;F;0;991018;N;C;;;
11.01.2011;12:31:40.538;IBM;19.3;100;P;F;0;991019;N;C;;;
11.01.2011;12:31:40.550;IBM;19.29;200;T;F;0;991021;N;C;;;
11.01.2011;12:31:40.550;IBM;19.29;100;N;F;0;991024;N;C;;;
11.01.2011;12:31:40.578;IBM;19.29;100;Z;F;0;991031;N;C;;;
11.01.2011;12:31:40.584;IBM;19.26;100;N;F;0;991032;N;C;;;
11.01.2011;12:31:40.588;IBM;19.25;100;T;F;0;991033;N;C;;;
11.01.2011;12:31:40.804;IBM;19.24;100;P;@;0;991050;N;C;;;
11.01.2011;12:31:42.883;IBM;19.19;100;K;@;0;991433;N;C;;;
11.01.2011;12:33:43.809;IBM;19.35;200;N;@;0;1000159;N;C;;;
11.01.2011;12:33:43.817;IBM;19.36;100;N;F;0;1000160;N;C;;;
11.01.2011;12:33:58.820;IBM;19.36;100;N;@;0;1001196;N;C;;;
11.01.2011;12:37:02.053;IBM;19.272;600;D;@;0;1012636;N;C;T;;
11.01.2011;12:38:40.153;IBM;19.261;435;D;@;0;1018083;N;C;T;;
11.01.2011;12:45:54.089;IBM;19.46;100;N;F;0;1047004;N;C;;;
11.01.2011;12:45:54.175;IBM;19.46;200;K;F;0;1047010;N;C;;;
11.01.2011;12:48:24.539;IBM;19.48;300;K;@;0;1054485;N;C;;;
11.01.2011;12:48:26.565;IBM;19.48;100;N;@;0;1054522;N;C;;;
11.01.2011;12:48:26.581;IBM;19.48;100;K;@;0;1054523;N;C;;;
11.01.2011;12:48:26.589;IBM;19.48;100;K;F;0;1054524;N;C;;;
11.01.2011;12:49:33.737;IBM;19.48;100;K;F;0;1059833;N;C;;;
11.01.2011;12:56:20.847;IBM;19.35;100;K;F;0;1081045;N;C;;;
11.01.2011;12:59:11.152;IBM;19.363;118;D;@;0;1088945;N;C;T;;
11.01.2011;12:59:21.690;IBM;19.43;100;K;F;0;1089173;N;C;;;
11.01.2011;13:00:10.675;IBM;19.395;100;Z;@;0;1091918;N;C;;;
11.01.2011;13:00:10.719;IBM;19.3951;100;D;@;0;1091923;N;C;T;;
11.01.2011;13:00:10.855;IBM;19.3591;300;D;@;0;1091943;N;C;T;;
11.01.2011;13:00:10.855;IBM;19.359;300;D;@;0;1091944;N;C;T;;
11.01.2011;13:00:10.887;IBM;19.35;100;B;@;0;1091948;N;C;;;
11.01.2011;13:00:10.949;IBM;19.3591;300;D;@;0;1091951;N;C;T;;
11.01.2011;13:00:10.949;IBM;19.359;300;D;@;0;1091952;N;C;T;;
11.01.2011;13:00:10.949;IBM;19.3501;100;D;@;0;1091954;N;C;T;;
11.01.2011;13:00:10.955;IBM;19.35;100;Y;@;0;1091955;N;C;;;
11.01.2011;13:00:11.033;IBM;19.3501;100;D;@;0;1091957;N;C;T;;
11.01.2011;13:00:11.181;IBM;19.44;100;N;@;0;1091962;N;C;;;
11.01.2011;13:00:11.319;IBM;19.395;100;D;@;0;1091968;N;C;T;;
11.01.2011;13:03:26.552;IBM;19.42;100;D;@;0;1103765;N;C;T;;
11.01.2011;13:11:35.057;IBM;19.53;100;K;F;0;1135019;N;C;;;
11.01.2011;13:18:29.752;IBM;19.4908;200;D;@;0;1159792;N;C;T;;
11.01.2011;13:25:30.135;IBM;19.53;200;K;@;0;1186083;N;C;;;
11.01.2011;13:27:35.797;IBM;19.56;200;N;F;0;1195067;N;C;;;
11.01.2011;13:32:46.196;IBM;19.74;100;N;@;0;1250222;N;C;;;
11.01.2011;13:32:46.200;IBM;19.74;100;B;F;0;1250223;N;C;;;
11.01.2011;13:32:46.200;IBM;19.74;100;Z;F;0;1250224;N;C;;;
11.01.2011;13:32:46.200;IBM;19.74;100;N;F;0;1250225;N;C;;;
11.01.2011;13:34:28.196;IBM;19.9325;120;D;@;0;1259610;N;C;T;;
11.01.2011;13:34:58.877;IBM;19.83;200;N;F;0;1263449;N;C;;;
11.01.2011;13:34:58.879;IBM;19.83;100;K;F;0;1263450;N;C;;;
11.01.2011;13:34:58.881;IBM;19.83;200;K;F;0;1263451;N;C;;;
11.01.2011;13:35:14.128;IBM;19.83;200;K;F;0;1266142;N;C;;;
11.01.2011;13:35:14.130;IBM;19.83;100;K;F;0;1266143;N;C;;;
11.01.2011;13:35:14.134;IBM;19.83;180;K;F;0;1266144;N;C;;;
11.01.2011;13:35:28.695;IBM;19.83;120;K;F;0;1269874;N;C;;;
11.01.2011;13:37:46.252;IBM;19.71;100;N;@;0;1283009;N;C;;;
11.01.2011;13:37:46.256;IBM;19.72;100;N;F;0;1283010;N;C;;;
11.01.2011;13:45:16.347;IBM;19.7964;500;D;@;0;1318233;N;C;T;;
11.01.2011;13:46:17.582;IBM;19.75;100;K;@;0;1326753;N;C;;;
11.01.2011;13:46:18.486;IBM;19.75;100;K;F;0;1327007;N;C;;;
11.01.2011;13:48:40.544;IBM;19.74;100;K;F;0;1337741;N;C;;;
11.01.2011;13:48:40.544;IBM;19.74;100;K;F;0;1337742;N;C;;;
11.01.2011;13:48:40.706;IBM;19.74;100;K;@;0;1337747;N;C;;;
11.01.2011;13:52:31.915;IBM;19.7;100;K;@;0;1354766;N;C;;;
11.01.2011;13:54:20.703;IBM;19.62;100;N;@;0;1363438;N;C;;;
11.01.2011;13:58:37.467;IBM;19.57;100;N;F;0;1389360;N;C;;;
11.01.2011;13:58:37.505;IBM;19.74;100;B;F;0;1389361;N;C;;;
11.01.2011;13:58:37.539;IBM;19.75;100;Y;F;0;1389362;N;C;;;
11.01.2011;13:58:37.557;IBM;19.74;100;N;F;0;1389363;N;C;;;
11.01.2011;13:58:37.571;IBM;19.74;100;K;F;0;1389364;N;C;;;
11.01.2011;13:58:37.647;IBM;19.75;200;K;F;0;1389366;N;C;;;
11.01.2011;13:58:37.661;IBM;19.74;100;N;F;0;1389367;N;C;;;
11.01.2011;13:58:37.749;IBM;19.698;100;D;@;0;1389370;N;C;T;;
11.01.2011;13:58:38.611;IBM;19.698;100;D;@;0;1389404;N;C;T;;
11.01.2011;13:58:38.753;IBM;19.708;200;D;@;0;1389410;N;C;T;;
11.01.2011;13:58:38.753;IBM;19.56;100;D;@;0;1389411;N;C;T;;
11.01.2011;13:58:38.853;IBM;19.698;100;D;@;0;1389412;N;C;T;;
11.01.2011;13:58:38.853;IBM;19.708;100;D;@;0;1389413;N;C;T;;
11.01.2011;13:58:40.452;IBM;19.698;100;D;@;0;1389724;N;C;T;;
11.01.2011;13:58:40.454;IBM;19.706;200;D;@;0;1389725;N;C;T;;
11.01.2011;13:58:43.433;IBM;19.75;100;K;@;0;1389783;N;C;;;
11.01.2011;13:58:44.452;IBM;19.665;100;D;@;0;1389832;N;C;T;;
11.01.2011;13:59:56.852;IBM;19.631;150;D;@;0;1394147;N;C;T;;
11.01.2011;14:04:02.660;IBM;19.75;100;K;@;0;1415469;N;C;;;
11.01.2011;14:04:02.660;IBM;19.75;200;K;F;0;1415470;N;C;;;
11.01.2011;14:04:07.396;IBM;19.74;100;K;@;0;1415841;N;C;;;
11.01.2011;14:06:01.353;IBM;19.696;100;D;@;0;1424782;N;C;T;;
11.01.2011;14:08:13.522;IBM;19.726;100;D;@;0;1433971;N;C;T;;
11.01.2011;14:10:21.447;IBM;19.75;100;T;@;0;1442055;N;C;;;
11.01.2011;14:10:59.561;IBM;19.74;100;K;F;0;1444693;N;C;;;
11.01.2011;14:12:14.087;IBM;19.71;200;K;@;0;1449415;N;C;;;
11.01.2011;14:14:26.969;IBM;19.74;100;K;@;0;1457619;N;C;;;
11.01.2011;14:14:27.601;IBM;19.74;100;K;F;0;1457630;N;C;;;
11.01.2011;14:15:58.852;IBM;19.72;100;K;@;0;1464997;N;C;;;
11.01.2011;14:16:06.082;IBM;19.74;100;T;F;0;1465237;N;C;;;
11.01.2011;14:21:41.898;IBM;19.75;100;T;@;0;1489897;N;C;;;
11.01.2011;14:24:47.097;IBM;19.75;100;P;F;0;1502372;N;C;;;
11.01.2011;14:24:47.097;IBM;19.75;100;T;F;0;1502373;N;C;;;
11.01.2011;14:24:47.097;IBM;19.75;200;T;F;0;1502374;N;C;;;
11.01.2011;14:24:47.099;IBM;19.75;200;K;F;0;1502375;N;C;;;
11.01.2011;14:24:47.107;IBM;19.78;100;N;F;0;1502376;N;C;;;
11.01.2011;14:24:47.119;IBM;19.82;110;K;F;0;1502377;N;C;;;
11.01.2011;14:27:18.952;IBM;19.82;100;K;@;0;1515761;N;C;;;
11.01.2011;14:29:45.205;IBM;19.81;100;N;F;0;1527000;N;C;;;
11.01.2011;14:29:45.207;IBM;19.81;100;K;F;0;1527001;N;C;;;
11.01.2011;14:29:45.209;IBM;19.81;100;K;F;0;1527002;N;C;;;
11.01.2011;14:29:51.209;IBM;19.82;100;N;F;0;1528449;N;C;;;
11.01.2011;14:29:51.213;IBM;19.82;100;K;F;0;1528450;N;C;;;
11.01.2011;14:30:54.849;IBM;19.924;100;D;@;0;1534068;N;C;T;;
11.01.2011;14:34:15.048;IBM;19.93;100;K;@;0;1547380;N;C;;;
11.01.2011;14:43:41.180;IBM;19.92;100;K;@;0;1591101;N;C;;;
11.01.2011;14:46:15.750;IBM;19.9139;1000;D;@;0;1603791;N;C;T;;
11.01.2011;14:46:21.250;IBM;19.96;100;K;@;0;1604373;N;C;;;
11.01.2011;14:46:23.265;IBM;19.96;100;K;@;0;1604961;N;C;;;
11.01.2011;14:51:46.316;IBM;19.99;100;K;@;0;1627133;N;C;;;
11.01.2011;14:51:56.653;IBM;19.96;100;K;@;0;1627530;N;C;;;
11.01.2011;14:52:30.711;IBM;19.96;100;K;@;0;1631676;N;C;;;
11.01.2011;14:52:30.711;IBM;19.96;100;K;@;0;1631677;N;C;;;
11.01.2011;14:52:53.719;IBM;19.96;100;K;@;0;1633789;N;C;;;
11.01.2011;14:54:01.944;IBM;19.99;200;N;F;0;1640984;N;C;;;
11.01.2011;14:54:01.950;IBM;19.99;100;Z;F;0;1640985;N;C;;;
11.01.2011;14:54:01.956;IBM;20;200;N;F;0;1640986;N;C;;;
11.01.2011;14:56:27.482;IBM;19.9757;400;D;@;0;1653597;N;C;T;;
11.01.2011;14:56:52.182;IBM;19.95;100;K;F;0;1654433;N;C;;;
11.01.2011;14:56:52.184;IBM;19.95;100;K;@;0;1654434;N;C;;;
11.01.2011;15:05:05.638;IBM;19.92;100;K;@;0;1702712;N;C;;;
11.01.2011;15:05:07.684;IBM;19.92;100;K;@;0;1703067;N;C;;;
11.01.2011;15:08:05.767;IBM;19.8;100;N;F;0;1722934;N;C;;;
11.01.2011;15:08:05.773;IBM;19.92;100;K;F;0;1722935;N;C;;;
11.01.2011;15:11:09.792;IBM;19.9;100;K;@;0;1738337;N;C;;;
11.01.2011;15:16:15.326;IBM;19.86;100;N;F;0;1764098;N;C;;;
11.01.2011;15:16:44.514;IBM;19.8759;200;D;@;0;1768381;N;C;T;;
11.01.2011;15:17:05.886;IBM;19.87;200;K;@;0;1771160;N;C;;;
11.01.2011;15:17:33.029;IBM;19.76;100;N;@;0;1774028;N;C;;;
11.01.2011;15:21:41.862;IBM;19.78;100;K;@;0;1800231;N;C;;;
11.01.2011;15:21:42.096;IBM;19.75;475;P;F;0;1800269;N;C;;;
11.01.2011;15:21:42.148;IBM;19.7;900;D;@;0;1800273;N;C;T;;
11.01.2011;15:21:51.957;IBM;19.83;100;B;F;0;1801225;N;C;;;
11.01.2011;15:21:51.969;IBM;19.82;200;N;F;0;1801226;N;C;;;
11.01.2011;15:21:53.183;IBM;19.66;100;N;F;0;1801329;N;C;;;
11.01.2011;15:23:25.119;IBM;19.76;100;K;@;0;1810083;N;C;;;
11.01.2011;15:23:38.546;IBM;19.7;100;N;@;0;1811511;N;C;;;
11.01.2011;15:27:33.651;IBM;19.786;200;D;@;0;1836169;N;C;T;;
11.01.2011;15:31:47.980;IBM;19.82;100;P;@;0;1867542;N;C;;;
11.01.2011;15:33:47.251;IBM;19.84;100;K;@;0;1880984;N;C;;;
11.01.2011;15:34:20.059;IBM;19.87;100;P;F;0;1884369;N;C;;;
11.01.2011;15:34:20.059;IBM;19.85;100;D;@;0;1884370;N;C;N;;
11.01.2011;15:34:20.061;IBM;19.87;100;N;F;0;1884371;N;C;;;
11.01.2011;15:37:54.211;IBM;20.042;300;D;@;0;1910659;N;C;T;;
11.01.2011;15:37:59.559;IBM;20;100;N;@;0;1910880;N;C;;;
11.01.2011;15:38:03.560;IBM;20.06;100;K;@;0;1911630;N;C;;;
11.01.2011;15:38:04.350;IBM;20.07;100;Y;@;0;1911665;N;C;;;
11.01.2011;15:38:50.034;IBM;20.062;150;D;@;0;1917427;N;C;T;;
11.01.2011;15:39:10.046;IBM;20.0565;300;D;@;0;1919787;N;C;T;;
11.01.2011;15:39:40.486;IBM;20.02;100;P;F;0;1924417;N;C;;;
11.01.2011;15:39:44.331;IBM;20.02;100;N;@;0;1925494;N;C;;;
11.01.2011;15:39:49.615;IBM;20.05;200;K;@;0;1926127;N;C;;;
11.01.2011;15:43:09.603;IBM;20.06;200;K;@;0;1959039;N;C;;;
11.01.2011;15:44:36.670;IBM;20.11;400;K;@;0;1974473;N;C;;;
11.01.2011;15:44:37.761;IBM;20.12;100;N;@;0;1974596;N;C;;;
11.01.2011;15:45:04.469;IBM;20.09;100;P;@;0;1983061;N;C;;;
11.01.2011;15:45:11.616;IBM;20.09;100;T;@;0;1985211;N;C;;;
11.01.2011;15:45:58.348;IBM;20.1299;2000;D;@;0;1994534;N;C;T;;
11.01.2011;15:45:59.180;IBM;20.08;100;N;F;0;1994700;N;C;;;
11.01.2011;15:46:02.181;IBM;19.98;100;P;F;0;1999223;N;C;;;
11.01.2011;15:47:34.093;IBM;20.04;100;T;@;0;2038819;N;C;;;
11.01.2011;15:47:39.610;IBM;19.89;100;B;@;0;2039594;N;C;;;
11.01.2011;15:47:39.626;IBM;19.88;100;N;F;0;2039596;N;C;;;
11.01.2011;15:49:06.888;IBM;20.02;100;K;@;0;2056711;N;C;;;
11.01.2011;15:49:28.019;IBM;20.04;100;K;@;0;2061232;N;C;;;
11.01.2011;15:49:29.425;IBM;20.07;100;N;@;0;2061524;N;C;;;
11.01.2011;15:49:30.121;IBM;20.1;160;T;@;0;2061600;N;C;;;
11.01.2011;15:49:30.824;IBM;20.132;500;D;@;0;2061803;N;C;T;;
11.01.2011;15:49:49.364;IBM;20.06;100;K;F;0;2065881;N;C;;;
11.01.2011;15:50:02.532;IBM;20.06;100;K;@;0;2068552;N;C;;;
11.01.2011;15:50:04.749;IBM;20.06;100;D;@;0;2068836;N;C;T;;
11.01.2011;15:50:35.885;IBM;19.99;100;T;F;0;2076060;N;C;;;
11.01.2011;15:51:22.178;IBM;19.98;100;T;F;0;2086135;N;C;;;
11.01.2011;15:53:25.993;IBM;19.955;100;K;@;0;2115886;N;C;;;
11.01.2011;15:54:02.588;IBM;19.94;100;K;F;0;2124585;N;C;;;
11.01.2011;15:54:02.590;IBM;19.94;150;K;@;0;2124587;N;C;;;
11.01.2011;15:55:04.161;IBM;19.9;100;K;@;0;2145074;N;C;;;
11.01.2011;15:55:04.171;IBM;19.9;100;D;@;0;2145082;N;C;T;;
11.01.2011;15:55:15.101;IBM;19.93;100;D;@;0;2149818;N;C;T;;
11.01.2011;15:55:15.195;IBM;19.94;100;N;@;0;2149834;N;C;;;
11.01.2011;15:55:16.205;IBM;19.95;100;N;@;0;2151233;N;C;;;
11.01.2011;15:55:16.259;IBM;19.95;200;N;F;0;2151268;N;C;;;
11.01.2011;15:55:17.059;IBM;19.9;100;D;@;0;2151610;N;C;T;;
11.01.2011;15:55:32.493;IBM;20.06;100;K;@;0;2157251;N;C;;;
11.01.2011;15:57:17.628;IBM;20.065;100;K;@;0;2190503;N;C;;;
11.01.2011;15:57:47.737;IBM;20.025;100;K;@;0;2199540;N;C;;;
11.01.2011;15:57:58.374;IBM;19.99;100;K;@;0;2202286;N;C;;;
11.01.2011;15:58:01.879;IBM;19.995;100;K;@;0;2204370;N;C;;;
11.01.2011;15:58:42.445;IBM;20.105;100;K;@;0;2216474;N;C;;;
11.01.2011;15:58:47.659;IBM;20.105;100;K;@;0;2217775;N;C;;;
11.01.2011;15:59:10.813;IBM;20.06;100;N;@;0;2225706;N;C;;;
11.01.2011;15:59:22.905;IBM;20.02;100;Z;F;0;2230208;N;C;;;
11.01.2011;15:59:32.837;IBM;20.02;100;N;@;0;2235393;N;C;;;
11.01.2011;15:59:32.841;IBM;20.02;100;Z;@;0;2235397;N;C;;;
11.01.2011;16:00:00.375;IBM;20.02;100;P;M;0;2248292;N;C;;X;
11.01.2011;16:00:01.439;IBM;19.98;100;T;M;0;2248517;N;C;;X;
11.01.2011;16:07:46.286;IBM;19.97;100;N;6;0;2249301;N;C;;;
11.02.2011;09:46:48.773;IBM;20.2;100;N;F;0;80515;N;C;;;
11.02.2011;09:46:57.694;IBM;20.29;134;N;@;0;81581;N;C;;;
11.02.2011;09:48:30.482;IBM;20.234;200;D;@;0;87570;N;C;T;;
11.02.2011;09:56:36.555;IBM;20.02;200;N;F;0;125391;N;C;;;
11.02.2011;09:56:36.557;IBM;20;100;N;F;0;125392;N;C;;;
11.02.2011;09:56:36.557;IBM;20.01;100;P;F;0;125393;N;C;;;
11.02.2011;09:56:36.557;IBM;20.03;100;T;F;0;125394;N;C;;;
11.02.2011;09:56:36.557;IBM;20.03;100;T;Q;0;125395;N;C;;X;
11.02.2011;09:57:03.151;IBM;19.98;100;P;@;0;126976;N;C;;;
11.02.2011;10:01:02.695;IBM;19.98;200;P;F;0;145175;N;C;;;
11.02.2011;10:09:36.216;IBM;19.98;300;P;F;0;185198;N;C;;;
11.02.2011;10:09:36.216;IBM;19.98;200;P;F;0;185199;N;C;;;
11.02.2011;10:09:36.218;IBM;19.98;200;T;F;0;185200;N;C;;;
11.02.2011;10:09:36.218;IBM;19.98;100;N;F;0;185201;N;C;;;
11.02.2011;10:09:36.226;IBM;19.98;300;P;F;0;185204;N;C;;;
11.02.2011;10:09:36.230;IBM;19.98;300;P;F;0;185205;N;C;;;
11.02.2011;10:09:36.230;IBM;19.98;100;P;F;0;185206;N;C;;;
11.02.2011;10:12:09.957;IBM;20.04;200;P;@;0;194065;N;C;;;
11.02.2011;10:12:09.959;IBM;20.04;100;P;@;0;194066;N;C;;;
11.02.2011;10:14:02.641;IBM;20.03;100;N;@;0;203299;N;C;;;
11.02.2011;10:14:02.641;IBM;20.04;100;N;@;0;203300;N;C;;;
11.02.2011;10:14:02.663;IBM;20.04;200;P;F;0;203308;N;C;;;
11.02.2011;10:14:02.663;IBM;20.04;100;N;F;0;203309;N;C;;;
11.02.2011;10:14:04.738;IBM;20.05;100;K;F;0;203413;N;C;;;
11.02.2011;10:21:24.039;IBM;20.01;100;D;@;0;230818;N;C;T;;
11.02.2011;10:22:28.580;IBM;20.02;572;D;@;0;235237;N;C;T;;
11.02.2011;10:25:29.837;IBM;20.01;150;T;@;0;248286;N;C;;;
11.02.2011;10:28:08.863;IBM;19.98;100;P;F;0;259154;N;C;;;
11.02.2011;10:28:15.361;IBM;19.98;200;P;@;0;259424;N;C;;;
11.02.2011;10:28:15.361;IBM;19.98;100;P;@;0;259425;N;C;;;
11.02.2011;10:28:22.487;IBM;20.0259;300;D;@;0;259760;N;C;T;;
11.02.2011;10:30:30.226;IBM;19.98;300;P;F;0;266543;N;C;;;
11.02.2011;10:30:30.232;IBM;19.98;300;P;F;0;266544;N;C;;;
11.02.2011;10:30:31.419;IBM;19.98;300;P;F;0;266617;N;C;;;
11.02.2011;10:30:31.421;IBM;19.98;100;P;F;0;266618;N;C;;;
11.02.2011;10:30:35.726;IBM;19.98;300;P;F;0;266783;N;C;;;
11.02.2011;10:30:35.914;IBM;19.9887;600;D;@;0;266812;N;C;T;;
11.02.2011;10:30:39.705;IBM;19.99;100;Z;F;0;267107;N;C;;;
11.02.2011;10:30:39.707;IBM;19.99;100;K;F;0;267108;N;C;;;
11.02.2011;10:31:01.706;IBM;19.99;100;K;F;0;268617;N;C;;;
11.02.2011;10:39:10.985;IBM;19.99;100;N;@;0;298711;N;C;;;
11.02.2011;10:39:13.002;IBM;19.98;100;N;@;0;298827;N;C;;;
11.02.2011;10:39:30.221;IBM;20.0046;100;D;@;0;300106;N;C;T;;
11.02.2011;10:42:29.469;IBM;19.99;200;N;@;0;312525;N;C;;;
11.02.2011;10:44:13.286;IBM;19.98;300;P;F;0;319641;N;C;;;
11.02.2011;10:44:13.286;IBM;19.98;400;P;F;0;319642;N;C;;;
11.02.2011;10:44:13.344;IBM;19.9841;400;D;@;0;319644;N;C;T;;
11.02.2011;10:45:56.011;IBM;19.9812;400;D;@;0;326363;N;C;T;;
11.02.2011;10:46:58.202;IBM;19.99;117;N;@;0;329521;N;C;;;
11.02.2011;10:46:58.206;IBM;19.98;300;P;F;0;329522;N;C;;;
11.02.2011;10:47:50.430;IBM;19.98;100;P;@;0;332358;N;C;;;
11.02.2011;10:47:59.691;IBM;19.98;100;Z;@;0;332595;N;C;;;
11.02.2011;10:47:59.695;IBM;19.98;190;Z;@;0;332596;N;C;;;
11.02.2011;10:47:59.825;IBM;19.98;190;N;F;0;332598;N;C;;;
11.02.2011;10:49:20.004;IBM;19.98;200;P;F;0;337764;N;C;;;
11.02.2011;10:49:20.801;IBM;19.98;3342;N;F;0;337785;N;C;;;
11.02.2011;10:49:20.805;IBM;19.99;100;P;@;0;337786;N;C;;;
11.02.2011;10:49:21.453;IBM;20;100;N;@;0;337808;N;C;;;
11.02.2011;10:50:44.675;IBM;19.98;100;P;@;0;346705;N;C;;;
11.02.2011;10:56:25.536;IBM;20.04;100;N;@;0;371869;N;C;;;
11.02.2011;10:56:25.684;IBM;20.016;2900;D;@;0;371872;N;C;T;;
11.02.2011;10:57:24.420;IBM;20.0016;125;D;@;0;375453;N;C;T;;
11.02.2011;11:00:09.983;IBM;19.992;200;D;@;0;384736;N;C;T;;
11.02.2011;11:10:54.886;IBM;19.98;200;P;F;0;420942;N;C;;;
11.02.2011;11:10:54.886;IBM;19.98;100;P;F;0;420943;N;C;;;
11.02.2011;11:10:54.888;IBM;19.98;100;Z;F;0;420944;N;C;;;
11.02.2011;11:10:54.888;IBM;19.98;100;Z;F;0;420945;N;C;;;
11.02.2011;11:10:54.888;IBM;19.98;100;N;F;0;420946;N;C;;;
11.02.2011;11:10:54.888;IBM;19.98;100;N;F;0;420947;N;C;;;
11.02.2011;11:15:15.139;IBM;19.98;100;N;F;0;432918;N;C;;;
11.02.2011;11:15:49.566;IBM;19.983;600;D;@;0;434561;N;C;T;;
11.02.2011;11:20:12.407;IBM;20.04;200;N;F;0;448332;N;C;;;
11.02.2011;11:20:46.551;IBM;20.04;100;P;@;0;449659;N;C;;;
11.02.2011;11:22:13.379;IBM;20.0105;1300;D;@;0;454794;N;C;T;;
11.02.2011;11:35:49.589;IBM;20.04;100;P;F;0;495919;N;C;;;
11.02.2011;11:35:49.589;IBM;20.04;100;P;F;0;495920;N;C;;;
11.02.2011;11:35:49.589;IBM;20.04;100;T;F;0;495921;N;C;;;
11.02.2011;11:35:49.589;IBM;20.04;100;T;F;0;495922;N;C;;;
11.02.2011;11:35:49.595;IBM;20.11;100;T;F;0;495923;N;C;;;
11.02.2011;11:35:49.617;IBM;20.17;100;N;F;0;495927;N;C;;;
11.02.2011;11:35:49.620;IBM;20.17;200;K;F;0;495929;N;C;;;
11.02.2011;11:35:56.678;IBM;20.04;100;D;@;0;496581;N;C;T;;
11.02.2011;11:36:32.926;IBM;20.03;300;D;@;0;497725;N;C;T;;
11.02.2011;11:36:32.950;IBM;20.04;100;C;F;0;497726;N;C;;;
11.02.2011;11:36:40.448;IBM;20.03;200;P;F;0;498010;N;C;;;
11.02.2011;11:36:40.448;IBM;20.03;100;N;F;0;498011;N;C;;;
11.02.2011;11:36:40.478;IBM;20.04;300;D;@;0;498012;N;C;T;;
11.02.2011;11:59:46.609;IBM;20;100;N;@;0;564560;N;C;;;
11.02.2011;12:04:04.078;IBM;20.04;200;D;@;0;575367;N;C;T;;
11.02.2011;12:04:04.136;IBM;20.05;100;N;F;0;575392;N;C;;;
11.02.2011;12:04:04.146;IBM;20.06;100;N;F;0;575416;N;C;;;
11.02.2011;12:04:05.210;IBM;20.06;100;P;F;0;575453;N;C;;;
11.02.2011;12:04:52.703;IBM;20.06;100;P;F;0;577487;N;C;;;
11.02.2011;12:16:58.260;IBM;20.04;100;K;F;0;606685;N;C;;;
11.02.2011;12:23:02.169;IBM;20.065;100;K;@;0;619311;N;C;;;
11.02.2011;12:26:02.280;IBM;20;100;N;@;0;625658;N;C;;;
11.02.2011;12:26:02.380;IBM;20.0287;500;D;@;0;625659;N;C;T;;
11.02.2011;12:26:46.188;IBM;20.065;100;K;@;0;627037;N;C;;;
11.02.2011;12:32:41.169;IBM;20;100;N;@;0;643190;N;C;;;
11.02.2011;12:35:13.974;IBM;20.03;100;K;@;0;652007;N;C;;;
11.02.2011;12:41:46.574;IBM;20.06;100;C;F;0;678370;N;C;;;
11.02.2011;12:47:16.497;IBM;20.06;100;T;F;0;693782;N;C;;;
11.02.2011;12:53:04.564;IBM;20.05;100;P;F;0;707043;N;C;;;
11.02.2011;12:58:50.555;IBM;20.05;100;C;F;0;722120;N;C;;;
11.02.2011;12:58:50.567;IBM;20.04;100;K;F;0;722121;N;C;;;
11.02.2011;13:04:16.112;IBM;19.99;100;K;@;0;753148;N;C;;;
11.02.2011;13:04:16.184;IBM;20.0165;270;D;@;0;753161;N;C;T;;
11.02.2011;13:06:58.367;IBM;19.98;250;N;@;0;765292;N;C;;;
11.02.2011;13:06:59.390;IBM;19.98;300;P;F;0;765332;N;C;;;
11.02.2011;13:06:59.390;IBM;19.98;100;P;F;0;765333;N;C;;;
11.02.2011;13:06:59.422;IBM;19.98;100;P;@;0;765334;N;C;;;
11.02.2011;13:07:00.012;IBM;19.98;200;P;F;0;765345;N;C;;;
11.02.2011;13:07:00.012;IBM;19.98;100;P;F;0;765346;N;C;;;
11.02.2011;13:07:00.072;IBM;19.9812;750;D;@;0;765351;N;C;T;;
11.02.2011;13:07:00.522;IBM;19.98;100;P;@;0;765362;N;C;;;
11.02.2011;13:07:10.580;IBM;19.98;100;P;@;0;765720;N;C;;;
11.02.2011;13:07:10.594;IBM;19.98;100;P;F;0;765722;N;C;;;
11.02.2011;13:09:11.472;IBM;19.98;100;P;@;0;771254;N;C;;;
11.02.2011;13:09:11.478;IBM;19.98;100;P;F;0;771267;N;C;;;
11.02.2011;13:09:11.490;IBM;19.98;100;K;F;0;771275;N;C;;;
11.02.2011;13:16:07.225;IBM;19.99;100;K;@;0;790937;N;C;;;
11.02.2011;13:16:14.037;IBM;19.99;100;P;@;0;791066;N;C;;;
11.02.2011;13:16:14.037;IBM;19.99;100;P;@;0;791067;N;C;;;
11.02.2011;13:20:03.297;IBM;19.98;100;P;@;0;799925;N;C;;;
11.02.2011;13:20:03.299;IBM;19.98;100;K;@;0;799926;N;C;;;
11.02.2011;13:20:05.307;IBM;19.98;100;P;@;0;800210;N;C;;;
11.02.2011;13:21:44.816;IBM;19.98;300;Z;@;0;806857;N;C;;;
11.02.2011;13:21:44.818;IBM;19.98;200;P;F;0;806858;N;C;;;
11.02.2011;13:21:55.183;IBM;19.98;100;K;F;0;807712;N;C;;;
11.02.2011;13:21:56.234;IBM;19.97;200;T;@;0;807737;N;C;;;
11.02.2011;13:21:56.238;IBM;19.97;100;N;@;0;807738;N;C;;;
11.02.2011;13:21:56.300;IBM;19.96;900;Z;@;0;807753;N;C;;;
11.02.2011;13:21:56.380;IBM;19.95;100;K;F;0;807760;N;C;;;
11.02.2011;13:21:56.460;IBM;19.95;200;D;F;0;807761;N;C;T;;
11.02.2011;13:21:58.299;IBM;19.95;200;K;F;0;807814;N;C;;;
11.02.2011;13:21:58.319;IBM;19.95;100;K;@;0;807815;N;C;;;
11.02.2011;13:22:08.855;IBM;19.95;575;K;F;0;808324;N;C;;;
11.02.2011;13:22:24.053;IBM;19.95;200;K;@;0;809262;N;C;;;
11.02.2011;13:22:24.125;IBM;19.95;666;K;@;0;809267;N;C;;;
11.02.2011;13:22:24.125;IBM;19.95;200;K;F;0;809268;N;C;;;
11.02.2011;13:22:24.347;IBM;19.95;100;K;@;0;809287;N;C;;;
11.02.2011;13:24:02.555;IBM;19.95;100;K;@;0;813067;N;C;;;
11.02.2011;13:24:22.964;IBM;19.95;300;K;@;0;814174;N;C;;;
11.02.2011;13:24:28.691;IBM;19.95;100;K;@;0;814671;N;C;;;
11.02.2011;13:27:45.097;IBM;19.96;300;N;@;0;824825;N;C;;;
11.02.2011;13:27:45.097;IBM;19.96;100;K;@;0;824826;N;C;;;
11.02.2011;13:27:45.099;IBM;19.96;100;Z;F;0;824827;N;C;;;
11.02.2011;13:27:45.103;IBM;19.96;100;K;F;0;824830;N;C;;;
11.02.2011;13:30:21.251;IBM;19.99;100;K;@;0;831726;N;C;;;
11.02.2011;13:39:24.230;IBM;20.02;100;N;@;0;853902;N;C;;;
11.02.2011;13:44:31.938;IBM;20.02;100;K;@;0;864673;N;C;;;
11.02.2011;13:44:33.488;IBM;20.02;100;K;F;0;864834;N;C;;;
11.02.2011;13:44:50.172;IBM;20.07;100;N;@;0;866517;N;C;;;
11.02.2011;13:44:50.176;IBM;20.08;200;T;F;0;866522;N;C;;;
11.02.2011;13:44:50.180;IBM;20.08;100;K;F;0;866524;N;C;;;
11.02.2011;13:44:50.300;IBM;20.07;100;N;@;0;866529;N;C;;;
11.02.2011;13:44:52.284;IBM;20.08;100;P;@;0;866642;N;C;;;
11.02.2011;13:45:03.442;IBM;20.07;100;K;F;0;867015;N;C;;;
11.02.2011;13:48:41.480;IBM;20.08;100;P;F;0;878340;N;C;;;
11.02.2011;13:53:10.608;IBM;20.08;100;P;F;0;888498;N;C;;;
11.02.2011;13:53:54.734;IBM;20.07;100;K;@;0;889867;N;C;;;
11.02.2011;13:57:49.424;IBM;20.07;100;K;@;0;900211;N;C;;;
11.02.2011;14:06:19.109;IBM;20.01;100;K;F;0;938607;N;C;;;
11.02.2011;14:07:13.032;IBM;19.97;100;N;F;0;942286;N;C;;;
11.02.2011;14:07:13.034;IBM;19.97;200;K;F;0;942287;N;C;;;
11.02.2011;14:07:13.040;IBM;19.95;150;K;F;0;942288;N;C;;;
11.02.2011;14:07:13.044;IBM;19.95;100;K;F;0;942289;N;C;;;
11.02.2011;14:07:53.658;IBM;20.01;100;K;@;0;944943;N;C;;;
11.02.2011;14:14:57.535;IBM;20.01;100;K;@;0;967499;N;C;;;
11.02.2011;14:19:06.022;IBM;20.01;100;K;F;0;980343;N;C;;;
11.02.2011;14:22:28.533;IBM;20;100;K;@;0;991669;N;C;;;
11.02.2011;14:22:28.769;IBM;19.96;100;Z;@;0;991675;N;C;;;
11.02.2011;14:22:29.061;IBM;19.96;100;Z;@;0;991689;N;C;;;
11.02.2011;14:22:29.283;IBM;19.95;1287;D;@;0;991694;N;C;T;;
11.02.2011;14:24:08.477;IBM;19.972;100;D;@;0;998155;N;C;T;;
11.02.2011;14:32:11.780;IBM;20;100;K;@;0;1026661;N;C;;;
11.02.2011;14:35:10.166;IBM;19.95;100;K;F;0;1039776;N;C;;;
11.02.2011;14:35:10.244;IBM;20.02;100;P;@;0;1039778;N;C;;;
11.02.2011;14:37:18.978;IBM;20.016;200;D;@;0;1049065;N;C;T;;
11.02.2011;14:40:30.784;IBM;20.01;100;K;F;0;1056963;N;C;;;
11.02.2011;14:50:24.445;IBM;20.01;100;N;@;0;1091008;N;C;;;
11.02.2011;14:50:24.513;IBM;20.01;100;K;@;0;1091015;N;C;;;
11.02.2011;14:50:24.535;IBM;20.01;100;K;@;0;1091016;N;C;;;
11.02.2011;14:52:24.022;IBM;20.06;100;N;F;0;1100161;N;C;;;
11.02.2011;14:52:24.024;IBM;20.06;100;K;F;0;1100162;N;C;;;
11.02.2011;14:52:24.026;IBM;20.06;100;K;F;0;1100163;N;C;;;
11.02.2011;14:54:16.455;IBM;20.03;100;D;@;0;1106066;N;C;N;;
11.02.2011;14:54:16.455;IBM;20.03;100;D;@;0;1106067;N;C;N;;
11.02.2011;14:54:16.479;IBM;20.02;200;D;@;0;1106068;N;C;T;;
11.02.2011;14:54:16.551;IBM;20.05;100;N;@;0;1106069;N;C;;;
11.02.2011;14:55:35.103;IBM;20.05;100;T;@;0;1110397;N;C;;;
11.02.2011;14:58:27.899;IBM;20.01;100;K;F;0;1122594;N;C;;;
11.02.2011;15:04:01.997;IBM;20.05;100;K;@;0;1145921;N;C;;;
11.02.2011;15:04:02.009;IBM;20.05;100;C;@;0;1145922;N;C;;;
11.02.2011;15:04:09.181;IBM;20.08;400;P;@;0;1147851;N;C;;;
11.02.2011;15:04:09.183;IBM;20.08;100;K;@;0;1147854;N;C;;;
11.02.2011;15:04:09.279;IBM;20.08;100;D;@;0;1147858;N;C;T;;
11.02.2011;15:04:19.181;IBM;20.08;100;Z;@;0;1148373;N;C;;;
11.02.2011;15:04:19.181;IBM;20.08;100;P;@;0;1148374;N;C;;;
11.02.2011;15:04:29.182;IBM;20.08;100;P;@;0;1148843;N;C;;;
11.02.2011;15:04:39.193;IBM;20.08;100;P;@;0;1149284;N;C;;;
11.02.2011;15:08:33.479;IBM;20.08;100;P;F;0;1170515;N;C;;;
11.02.2011;15:08:33.483;IBM;20.1;400;Z;@;0;1170516;N;C;;;
11.02.2011;15:08:43.485;IBM;20.1;100;Z;@;0;1172146;N;C;;;
11.02.2011;15:08:43.485;IBM;20.1;100;T;@;0;1172147;N;C;;;
11.02.2011;15:08:53.484;IBM;20.1;100;Z;@;0;1172889;N;C;;;
11.02.2011;15:08:54.032;IBM;20.1;200;Z;F;0;1172904;N;C;;;
11.02.2011;15:10:55.298;IBM;20.2;100;J;@;0;1185043;N;C;;;
11.02.2011;15:10:55.361;IBM;20.1;100;C;F;0;1185047;N;C;;;
11.02.2011;15:11:05.306;IBM;20.2;100;K;@;0;1185834;N;C;;;
11.02.2011;15:16:02.439;IBM;20.1965;100;D;@;0;1206529;N;C;T;;
11.02.2011;15:16:03.220;IBM;20.2;100;T;@;0;1206554;N;C;;;
11.02.2011;15:16:03.368;IBM;20.22;100;N;@;0;1206558;N;C;;;
11.02.2011;15:16:04.615;IBM;20.24;100;N;@;0;1206598;N;C;;;
11.02.2011;15:16:04.761;IBM;20.29;100;N;@;0;1206604;N;C;;;
11.02.2011;15:16:59.378;IBM;20.28;100;K;F;0;1211040;N;C;;;
11.02.2011;15:16:59.380;IBM;20.28;100;K;@;0;1211041;N;C;;;
11.02.2011;15:17:01.204;IBM;20.3;100;N;@;0;1211213;N;C;;;
11.02.2011;15:17:50.379;IBM;20.28;100;K;F;0;1215629;N;C;;;
11.02.2011;15:18:18.078;IBM;20.29;100;K;@;0;1216923;N;C;;;
11.02.2011;15:19:09.807;IBM;20.25;100;K;@;0;1219254;N;C;;;
11.02.2011;15:19:19.171;IBM;20.295;100;K;@;0;1219695;N;C;;;
11.02.2011;15:20:34.335;IBM;20.3;100;N;@;0;1225810;N;C;;;
11.02.2011;15:20:34.341;IBM;20.3;300;N;F;0;1225811;N;C;;;
11.02.2011;15:20:35.201;IBM;20.3;700;N;@;0;1225904;N;C;;;
11.02.2011;15:21:44.783;IBM;20.35;100;K;F;0;1232416;N;C;;;
11.02.2011;15:21:47.325;IBM;20.36;100;N;@;0;1232810;N;C;;;
11.02.2011;15:22:14.318;IBM;20.36;100;N;@;0;1238088;N;C;;;
11.02.2011;15:22:31.326;IBM;20.36;100;N;@;0;1240125;N;C;;;
11.02.2011;15:23:07.353;IBM;20.36;100;N;@;0;1242724;N;C;;;
11.02.2011;15:23:46.408;IBM;20.36;100;N;@;0;1245514;N;C;;;
11.02.2011;15:24:16.416;IBM;20.35;100;N;@;0;1247106;N;C;;;
11.02.2011;15:24:46.502;IBM;20.35;100;K;@;0;1250860;N;C;;;
11.02.2011;15:25:16.503;IBM;20.35;100;T;F;0;1253714;N;C;;;
11.02.2011;15:25:46.272;IBM;20.36;100;N;F;0;1256386;N;C;;;
11.02.2011;15:25:46.388;IBM;20.36;100;N;@;0;1256391;N;C;;;
11.02.2011;15:26:05.294;IBM;20.35;300;N;@;0;1257687;N;C;;;
11.02.2011;15:26:16.268;IBM;20.305;100;T;F;0;1258627;N;C;;;
11.02.2011;15:26:16.272;IBM;20.355;100;K;@;0;1258628;N;C;;;
11.02.2011;15:26:46.286;IBM;20.355;100;K;@;0;1260991;N;C;;;
11.02.2011;15:28:24.063;IBM;20.27;100;Z;F;0;1269189;N;C;;;
11.02.2011;15:28:24.887;IBM;20.22;100;N;F;0;1269205;N;C;;;
11.02.2011;15:28:24.889;IBM;20.22;100;P;F;0;1269206;N;C;;;
11.02.2011;15:28:26.013;IBM;20.18;100;K;@;0;1269219;N;C;;;
11.02.2011;15:28:26.679;IBM;20.165;600;D;@;0;1269247;N;C;T;;
11.02.2011;15:28:38.783;IBM;20.24;100;D;@;0;1269794;N;C;T;;
11.02.2011;15:28:38.881;IBM;20.18;900;D;@;0;1269797;N;C;T;;
11.02.2011;15:30:04.305;IBM;20.345;100;K;@;0;1275581;N;C;;;
11.02.2011;15:30:46.283;IBM;20.345;100;K;@;0;1278304;N;C;;;
11.02.2011;15:31:16.497;IBM;20.35;100;K;@;0;1283353;N;C;;;
11.02.2011;15:32:01.532;IBM;20.35;100;K;@;0;1286742;N;C;;;
11.02.2011;15:32:32.514;IBM;20.34;100;T;F;0;1289685;N;C;;;
11.02.2011;15:32:53.279;IBM;20.33;100;K;F;0;1292898;N;C;;;
11.02.2011;15:32:53.283;IBM;20.33;100;K;@;0;1292899;N;C;;;
11.02.2011;15:33:47.351;IBM;20.3;200;K;@;0;1299359;N;C;;;
11.02.2011;15:34:24.423;IBM;20.3;100;K;F;0;1304063;N;C;;;
11.02.2011;15:34:41.477;IBM;20.23;100;D;@;0;1306713;N;C;T;;
11.02.2011;15:36:08.758;IBM;20.29;100;K;@;0;1313621;N;C;;;
11.02.2011;15:36:08.758;IBM;20.29;100;K;@;0;1313622;N;C;;;
11.02.2011;15:36:08.778;IBM;20.29;100;D;@;0;1313623;N;C;T;;
11.02.2011;15:36:08.778;IBM;20.29;100;D;@;0;1313624;N;C;T;;
11.02.2011;15:36:10.228;IBM;20.295;100;D;@;0;1313695;N;C;T;;
11.02.2011;15:36:10.228;IBM;20.295;100;D;@;0;1313696;N;C;T;;
11.02.2011;15:36:31.000;IBM;20.3;100;T;F;0;1315010;N;C;;;
11.02.2011;15:37:10.191;IBM;20.32;100;K;F;0;1319704;N;C;;;
11.02.2011;15:37:10.197;IBM;20.32;100;K;@;0;1319705;N;C;;;
11.02.2011;15:37:10.201;IBM;20.32;100;T;@;0;1319706;N;C;;;
11.02.2011;15:37:22.284;IBM;20.25;200;D;@;0;1320320;N;C;T;;
11.02.2011;15:37:49.483;IBM;20.32;100;K;F;0;1322874;N;C;;;
11.02.2011;15:38:43.527;IBM;20.33;100;T;@;0;1329746;N;C;;;
11.02.2011;15:38:43.529;IBM;20.33;100;T;@;0;1329747;N;C;;;
11.02.2011;15:38:43.529;IBM;20.33;100;P;@;0;1329748;N;C;;;
11.02.2011;15:38:43.529;IBM;20.33;100;N;@;0;1329749;N;C;;;
11.02.2011;15:39:07.563;IBM;20.35;100;K;@;0;1331818;N;C;;;
11.02.2011;15:40:05.712;IBM;20.36;300;N;@;0;1338361;N;C;;;
11.02.2011;15:40:05.728;IBM;20.36;100;K;F;0;1338362;N;C;;;
11.02.2011;15:40:13.614;IBM;20.41;100;N;@;0;1339601;N;C;;;
11.02.2011;15:40:50.028;IBM;20.52;100;N;F;0;1344945;N;C;;;
11.02.2011;15:40:50.064;IBM;20.52;100;N;@;0;1344998;N;C;;;
11.02.2011;15:40:52.003;IBM;20.51;100;N;@;0;1345065;N;C;;;
11.02.2011;15:40:52.003;IBM;20.51;200;K;@;0;1345066;N;C;;;
11.02.2011;15:40:57.705;IBM;20.51;200;K;@;0;1345609;N;C;;;
11.02.2011;15:41:34.560;IBM;20.52;100;K;@;0;1350006;N;C;;;
11.02.2011;15:41:47.181;IBM;20.51;100;K;F;0;1351107;N;C;;;
11.02.2011;15:42:47.483;IBM;20.5;100;K;F;0;1357594;N;C;;;
11.02.2011;15:43:31.266;IBM;20.46;100;K;@;0;1364456;N;C;;;
11.02.2011;15:43:34.813;IBM;20.46;100;K;@;0;1364845;N;C;;;
11.02.2011;15:44:21.003;IBM;20.47;100;K;@;0;1371385;N;C;;;
11.02.2011;15:45:00.653;IBM;20.47;100;K;@;0;1377067;N;C;;;
11.02.2011;15:45:03.258;IBM;20.47;100;K;F;0;1378037;N;C;;;
11.02.2011;15:45:03.258;IBM;20.47;100;K;F;0;1378038;N;C;;;
11.02.2011;15:45:07.062;IBM;20.33;100;P;@;0;1378948;N;C;;;
11.02.2011;15:45:07.062;IBM;20.33;100;N;@;0;1378949;N;C;;;
11.02.2011;15:45:10.779;IBM;20.35;100;N;F;0;1379419;N;C;;;
11.02.2011;15:46:20.179;IBM;20.51;100;K;F;0;1389999;N;C;;;
11.02.2011;15:46:42.179;IBM;20.51;100;K;F;0;1392604;N;C;;;
11.02.2011;15:46:44.757;IBM;20.51;100;K;@;0;1392879;N;C;;;
11.02.2011;15:47:24.130;IBM;20.51;100;K;F;0;1398615;N;C;;;
11.02.2011;15:47:24.132;IBM;20.51;100;K;F;0;1398616;N;C;;;
11.02.2011;15:47:24.136;IBM;20.36;200;N;F;0;1398618;N;C;;;
11.02.2011;15:47:34.177;IBM;20.46;100;K;@;0;1399702;N;C;;;
11.02.2011;15:47:35.651;IBM;20.44;100;K;@;0;1399889;N;C;;;
11.02.2011;15:49:49.776;IBM;20.44;100;D;@;0;1421833;N;C;T;;
11.02.2011;15:49:49.782;IBM;20.45;100;P;F;0;1421834;N;C;;;
11.02.2011;15:49:49.782;IBM;20.45;200;N;F;0;1421835;N;C;;;
11.02.2011;15:50:08.847;IBM;20.48;100;N;@;0;1424689;N;C;;;
11.02.2011;15:50:10.468;IBM;20.49;100;K;F;0;1425111;N;C;;;
11.02.2011;15:50:10.480;IBM;20.47;156;K;F;0;1425112;N;C;;;
11.02.2011;15:51:04.614;IBM;20.52;100;N;@;0;1432320;N;C;;;
11.02.2011;15:51:40.615;IBM;20.58;100;N;F;0;1438605;N;C;;;
11.02.2011;15:51:49.189;IBM;20.7;100;K;@;0;1439408;N;C;;;
11.02.2011;15:52:03.824;IBM;20.62;100;N;@;0;1441053;N;C;;;
11.02.2011;15:52:35.881;IBM;20.72;100;N;@;0;1445739;N;C;;;
11.02.2011;15:52:48.968;IBM;20.74;100;N;F;0;1448386;N;C;;;
11.02.2011;15:53:02.769;IBM;20.895;200;K;@;0;1449741;N;C;;;
11.02.2011;15:53:06.679;IBM;20.83;100;K;@;0;1450249;N;C;;;
11.02.2011;15:53:57.778;IBM;20.83;100;K;@;0;1457466;N;C;;;
11.02.2011;15:54:16.923;IBM;20.87;200;N;@;0;1460099;N;C;;;
11.02.2011;15:54:16.925;IBM;20.825;100;T;@;0;1460100;N;C;;;
11.02.2011;15:54:47.917;IBM;20.85;100;N;@;0;1464753;N;C;;;
11.02.2011;15:54:51.029;IBM;20.8444;100;D;@;0;1465711;N;C;T;;
11.02.2011;15:54:58.895;IBM;20.845;100;K;@;0;1468336;N;C;;;
11.02.2011;15:54:59.155;IBM;20.85;100;P;F;0;1468553;N;C;;;
11.02.2011;15:54:59.155;IBM;20.85;278;P;F;0;1468554;N;C;;;
11.02.2011;15:55:11.063;IBM;20.98;100;K;@;0;1474783;N;C;;;
11.02.2011;15:55:13.447;IBM;20.88;100;N;@;0;1475252;N;C;;;
11.02.2011;15:55:27.586;IBM;20.84;100;N;F;0;1478824;N;C;;;
11.02.2011;15:56:34.024;IBM;20.98;200;K;@;0;1494950;N;C;;;
11.02.2011;15:56:34.134;IBM;20.97;100;T;F;0;1494964;N;C;;;
11.02.2011;15:56:47.011;IBM;20.98;200;K;@;0;1497329;N;C;;;
11.02.2011;15:56:53.389;IBM;20.97;100;T;@;0;1499432;N;C;;;
11.02.2011;15:57:17.005;IBM;20.98;200;K;@;0;1505515;N;C;;;
11.02.2011;15:57:34.109;IBM;20.97;100;K;@;0;1509528;N;C;;;
11.02.2011;15:57:34.389;IBM;20.97;100;T;F;0;1509599;N;C;;;
11.02.2011;15:57:34.391;IBM;20.97;100;K;F;0;1509600;N;C;;;
11.02.2011;15:57:34.393;IBM;20.97;100;K;F;0;1509601;N;C;;;
11.02.2011;15:57:34.393;IBM;20.97;100;K;F;0;1509602;N;C;;;
11.02.2011;15:57:34.403;IBM;20.87;100;N;F;0;1509603;N;C;;;
11.02.2011;15:58:04.074;IBM;21;100;N;@;0;1517315;N;C;;;
11.02.2011;15:58:11.079;IBM;20.91;115;B;@;0;1520112;N;C;;;
11.02.2011;15:58:11.109;IBM;20.9101;115;D;@;0;1520121;N;C;T;;
11.02.2011;15:58:17.130;IBM;20.98;100;P;F;0;1522422;N;C;;;
11.02.2011;15:58:22.426;IBM;20.91;100;N;@;0;1523756;N;C;;;
11.02.2011;15:58:30.364;IBM;20.95;100;N;@;0;1525508;N;C;;;
11.02.2011;15:58:30.376;IBM;20.99;100;N;@;0;1525514;N;C;;;
11.02.2011;15:58:30.384;IBM;20.99;100;N;@;0;1525516;N;C;;;
11.02.2011;15:58:35.809;IBM;21;100;Z;@;0;1526981;N;C;;;
11.02.2011;15:58:35.811;IBM;21;185;N;@;0;1526982;N;C;;;
11.02.2011;15:59:05.231;IBM;20.86;100;D;@;0;1536311;N;C;T;;
11.02.2011;15:59:15.897;IBM;20.84;100;N;@;0;1540244;N;C;;;
11.02.2011;15:59:15.962;IBM;20.8401;100;D;@;0;1540252;N;C;T;;
11.02.2011;15:59:20.230;IBM;20.81;100;N;@;0;1541465;N;C;;;
11.02.2011;15:59:20.488;IBM;20.8;100;N;@;0;1541529;N;C;;;
11.02.2011;15:59:29.843;IBM;20.77;100;N;@;0;1544422;N;C;;;
11.02.2011;15:59:29.843;IBM;20.77;100;N;@;0;1544423;N;C;;;
11.02.2011;15:59:29.903;IBM;20.7701;200;D;@;0;1544430;N;C;T;;
11.02.2011;16:00:00.889;IBM;20.7701;200;P;M;0;1557089;N;C;;X;
11.02.2011;16:00:02.793;IBM;20.97;100;T;M;0;1557335;N;C;;X;
11.02.2011;16:05:21.225;IBM;20.64;100;N;6;0;1557726;N;C;;;
11.03.2011;09:02:51.872;IBM;20.68;200;K;T;0;1979;N;C;;;
11.03.2011;09:30:00.453;IBM;20.82;100;T;FT;0;3669;N;C;;X;
11.03.2011;09:30:00.453;IBM;20.81;600;T;FT;0;3670;N;C;;X;
11.03.2011;09:30:00.453;IBM;20.8;500;T;FT;0;3671;N;C;;X;
11.03.2011;09:30:00.841;IBM;20.8;200;B;F;0;3785;N;C;;;
11.03.2011;09:30:03.448;IBM;20.75;8301;N;O;0;4264;N;C;;;
11.03.2011;09:30:03.456;IBM;20.81;300;T;@;0;4265;N;C;;;
11.03.2011;09:30:03.456;IBM;20.81;300;T;Q;0;4266;N;C;;X;
11.03.2011;09:30:03.456;IBM;20.8;500;T;F;0;4267;N;C;;;
11.03.2011;09:30:03.456;IBM;20.8;100;B;@;0;4268;N;C;;;
11.03.2011;09:30:03.460;IBM;20.75;100;T;F;0;4269;N;C;;;
11.03.2011;09:30:04.215;IBM;20.68;100;T;F;0;4431;N;C;;;
11.03.2011;09:30:08.627;IBM;20.99;100;N;@;0;4829;N;C;;;
11.03.2011;09:30:09.445;IBM;20.98;100;N;@;0;4856;N;C;;;
11.03.2011;09:30:10.735;IBM;20.98;100;N;@;0;4968;N;C;;;
11.03.2011;09:30:55.192;IBM;20.97;800;D;@;0;7856;N;C;T;;
11.03.2011;09:30:55.230;IBM;20.97;1200;D;@;0;7860;N;C;T;;
11.03.2011;09:30:55.230;IBM;20.97;1200;D;@;0;7861;N;C;T;;
11.03.2011;09:30:55.248;IBM;20.97;100;P;Q;0;7862;N;C;;X;
11.03.2011;09:30:55.248;IBM;20.97;100;P;F;0;7863;N;C;;;
11.03.2011;09:30:55.248;IBM;20.96;100;T;F;0;7864;N;C;;;
11.03.2011;09:30:55.248;IBM;20.96;900;T;F;0;7865;N;C;;;
11.03.2011;09:30:55.248;IBM;20.97;100;T;F;0;7866;N;C;;;
11.03.2011;09:30:55.248;IBM;20.97;200;T;F;0;7867;N;C;;;
11.03.2011;09:30:55.248;IBM;20.96;100;N;@;0;7868;N;C;;;
11.03.2011;09:30:55.256;IBM;20.96;100;N;@;0;7869;N;C;;;
11.03.2011;09:30:55.256;IBM;20.97;200;B;F;0;7870;N;C;;;
11.03.2011;09:31:23.217;IBM;20.97;800;D;@;0;10121;N;C;T;;
11.03.2011;09:31:23.261;IBM;20.96;100;N;@;0;10124;N;C;;;
11.03.2011;09:31:23.261;IBM;20.97;100;N;@;0;10125;N;C;;;
11.03.2011;09:31:23.261;IBM;20.97;1400;N;@;0;10126;N;C;;;
11.03.2011;09:31:23.261;IBM;20.98;500;N;@;0;10127;N;C;;;
11.03.2011;09:31:23.261;IBM;20.99;900;N;@;0;10128;N;C;;;
11.03.2011;09:31:23.271;IBM;20.99;200;K;F;0;10129;N;C;;;
11.03.2011;09:31:23.277;IBM;21;115;N;@;0;10130;N;C;;;
11.03.2011;09:31:23.277;IBM;21;100;B;F;0;10131;N;C;;;
11.03.2011;09:31:23.279;IBM;21;100;K;F;0;10132;N;C;;;
11.03.2011;09:31:39.722;IBM;21.15;100;N;@;0;11332;N;C;;;
11.03.2011;09:31:41.858;IBM;21;100;B;F;0;11451;N;C;;;
11.03.2011;09:31:41.860;IBM;21;100;Y;F;0;11452;N;C;;;
11.03.2011;09:31:41.860;IBM;21;200;N;F;0;11453;N;C;;;
11.03.2011;09:31:48.894;IBM;21;500;N;@;0;12224;N;C;;;
11.03.2011;09:32:26.410;IBM;21.2;100;N;@;0;16121;N;C;;;
11.03.2011;09:33:39.763;IBM;21;750;D;@;0;23526;N;C;T;;
11.03.2011;09:33:40.123;IBM;21;290;D;@;0;23548;N;C;T;;
11.03.2011;09:35:01.008;IBM;21;100;N;@;0;30853;N;C;;;
11.03.2011;09:35:01.010;IBM;21.01;100;T;F;0;30854;N;C;;;
11.03.2011;09:35:01.018;IBM;21;300;K;F;0;30856;N;C;;;
11.03.2011;09:35:26.131;IBM;21;200;K;F;0;35374;N;C;;;
11.03.2011;09:35:26.533;IBM;21;200;K;F;0;35516;N;C;;;
11.03.2011;09:35:26.773;IBM;21;200;K;F;0;35574;N;C;;;
11.03.2011;09:35:26.941;IBM;21;100;K;F;0;35581;N;C;;;
11.03.2011;09:35:27.133;IBM;21;200;K;F;0;35598;N;C;;;
11.03.2011;09:35:27.309;IBM;21;200;K;F;0;35612;N;C;;;
11.03.2011;09:35:29.065;IBM;21;500;K;@;0;36081;N;C;;;
11.03.2011;09:35:31.564;IBM;20.9801;455;D;@;0;36344;N;C;T;;
11.03.2011;09:38:38.643;IBM;21.21;100;N;F;0;54665;N;C;;;
11.03.2011;09:38:38.649;IBM;21.21;500;N;F;0;54666;N;C;;;
11.03.2011;09:38:38.675;IBM;21.24;100;P;@;0;54667;N;C;;;
11.03.2011;09:38:38.679;IBM;21.24;100;P;@;0;54668;N;C;;;
11.03.2011;09:38:38.687;IBM;21.25;300;N;@;0;54669;N;C;;;
11.03.2011;09:43:17.324;IBM;21.1508;300;D;@;0;82827;N;C;T;;
11.03.2011;09:43:44.622;IBM;21.15;200;N;@;0;84788;N;C;;;
11.03.2011;09:43:44.622;IBM;21.15;200;N;@;0;84789;N;C;;;
11.03.2011;09:43:44.655;IBM;21.1501;400;D;@;0;84790;N;C;T;;
11.03.2011;09:46:37.749;IBM;21.1508;147;D;@;0;100508;N;C;T;;
11.03.2011;09:49:07.074;IBM;21.15;100;K;@;0;115995;N;C;;;
11.03.2011;10:00:38.809;IBM;21.15;100;D;@;0;183516;N;C;T;;
11.03.2011;10:00:38.911;IBM;21.15;215;N;@;0;183522;N;C;;;
11.03.2011;10:01:16.360;IBM;21.25;200;D;@;0;188696;N;C;T;;
11.03.2011;10:01:16.360;IBM;21.24;200;D;@;0;188697;N;C;T;;
11.03.2011;10:01:16.374;IBM;21.25;100;D;@;0;188700;N;C;T;;
11.03.2011;10:01:31.244;IBM;21.15;100;P;F;0;190972;N;C;;;
11.03.2011;10:01:31.244;IBM;21.15;200;P;F;0;190973;N;C;;;
11.03.2011;10:01:31.246;IBM;21.15;100;Z;F;0;190974;N;C;;;
11.03.2011;10:01:31.246;IBM;21.15;300;Z;F;0;190975;N;C;;;
11.03.2011;10:01:31.246;IBM;21.15;385;N;F;0;190976;N;C;;;
11.03.2011;10:01:31.246;IBM;21.15;100;T;F;0;190977;N;C;;;
11.03.2011;10:01:31.246;IBM;21.15;300;N;F;0;190978;N;C;;;
11.03.2011;10:01:31.246;IBM;21.15;200;T;F;0;190979;N;C;;;
11.03.2011;10:01:31.248;IBM;21.15;100;K;F;0;190980;N;C;;;
11.03.2011;10:01:31.250;IBM;21.15;215;K;F;0;190981;N;C;;;
11.03.2011;10:01:32.068;IBM;21.15;100;N;@;0;191114;N;C;;;
11.03.2011;10:12:01.624;IBM;21.14;100;N;F;0;271480;N;C;;;
11.03.2011;10:12:01.624;IBM;21.14;226;N;F;0;271481;N;C;;;
11.03.2011;10:12:01.630;IBM;21.02;100;P;F;0;271482;N;C;;;
11.03.2011;10:12:01.632;IBM;21.02;100;K;F;0;271483;N;C;;;
11.03.2011;10:12:01.634;IBM;21.02;100;P;F;0;271484;N;C;;;
11.03.2011;10:12:01.634;IBM;21.01;100;P;F;0;271485;N;C;;;
11.03.2011;10:12:01.636;IBM;21.01;100;T;F;0;271486;N;C;;;
11.03.2011;10:12:01.636;IBM;21.01;100;N;F;0;271487;N;C;;;
11.03.2011;10:12:01.636;IBM;21.01;100;Z;F;0;271488;N;C;;;
11.03.2011;10:12:01.636;IBM;21.01;100;T;F;0;271489;N;C;;;
11.03.2011;10:12:01.636;IBM;21.01;300;N;F;0;271490;N;C;;;
11.03.2011;10:12:01.636;IBM;21.01;200;Z;F;0;271491;N;C;;;
11.03.2011;10:12:01.638;IBM;21.01;100;K;F;0;271492;N;C;;;
11.03.2011;10:12:01.638;IBM;21.01;200;K;F;0;271493;N;C;;;
11.03.2011;10:12:01.826;IBM;21.01;100;N;@;0;271497;N;C;;;
11.03.2011;10:12:03.904;IBM;21.01;100;N;@;0;271596;N;C;;;
11.03.2011;10:13:43.199;IBM;21.01;100;N;@;0;282874;N;C;;;
11.03.2011;10:13:43.219;IBM;21.01;100;K;@;0;282876;N;C;;;
11.03.2011;10:13:43.265;IBM;21.0101;200;D;@;0;282882;N;C;T;;
11.03.2011;10:22:37.243;IBM;21.15;1500;D;@;0;335788;N;C;T;;
11.03.2011;10:22:37.273;IBM;21.02;100;N;@;0;335808;N;C;;;
11.03.2011;10:26:17.475;IBM;21.01;400;N;@;0;356552;N;C;;;
11.03.2011;10:26:17.475;IBM;21.01;261;N;@;0;356553;N;C;;;
11.03.2011;10:26:17.493;IBM;21.01;100;K;@;0;356554;N;C;;;
11.03.2011;10:26:17.493;IBM;21.01;100;K;@;0;356555;N;C;;;
11.03.2011;10:26:17.550;IBM;21.01;100;N;@;0;356556;N;C;;;
11.03.2011;10:26:17.566;IBM;21;139;D;@;0;356557;N;C;T;;
11.03.2011;10:28:13.887;IBM;21.01;140;K;F;0;367446;N;C;;;
11.03.2011;10:28:14.649;IBM;21.04;100;N;@;0;367485;N;C;;;
11.03.2011;10:28:15.936;IBM;21.01;100;D;@;0;367796;N;C;T;;
11.03.2011;10:28:25.629;IBM;21;200;K;F;0;368547;N;C;;;
11.03.2011;10:28:37.691;IBM;21;100;K;@;0;369529;N;C;;;
11.03.2011;10:28:55.676;IBM;21.01;100;T;@;0;371111;N;C;;;
11.03.2011;10:28:55.676;IBM;21.01;100;B;F;0;371112;N;C;;;
11.03.2011;10:28:55.676;IBM;21.01;100;B;F;0;371113;N;C;;;
11.03.2011;10:28:55.678;IBM;21.01;100;Z;F;0;371114;N;C;;;
11.03.2011;10:30:43.141;IBM;21.01;125;P;@;0;380544;N;C;;;
11.03.2011;10:30:43.141;IBM;21.01;100;Y;@;0;380545;N;C;;;
11.03.2011;10:34:01.732;IBM;21.1;120;K;@;0;396116;N;C;;;
11.03.2011;10:38:59.370;IBM;21.109;500;D;@;0;418790;N;C;T;;
11.03.2011;10:41:19.405;IBM;21.05;100;N;@;0;428214;N;C;;;
11.03.2011;10:41:19.471;IBM;21;350;D;@;0;428216;N;C;T;;
11.03.2011;10:42:09.043;IBM;21.01;200;N;@;0;437232;N;C;;;
11.03.2011;10:42:29.567;IBM;21;600;K;@;0;439974;N;C;;;
11.03.2011;10:42:29.607;IBM;20.88;100;K;@;0;439976;N;C;;;
11.03.2011;10:49:54.386;IBM;20.99;100;P;@;0;482051;N;C;;;
11.03.2011;10:54:54.469;IBM;20.89;100;N;@;0;507311;N;C;;;
11.03.2011;10:54:54.665;IBM;20.99;100;P;@;0;507314;N;C;;;
11.03.2011;10:55:33.665;IBM;20.9241;300;D;@;0;510803;N;C;T;;
11.03.2011;11:01:02.555;IBM;20.99;100;N;@;0;535136;N;C;;;
11.03.2011;11:02:36.467;IBM;20.9317;330;D;@;0;541880;N;C;T;;
11.03.2011;11:10:42.269;IBM;20.9899;200;D;@;0;573662;N;C;T;;
11.03.2011;11:16:52.439;IBM;20.99;100;D;@;0;598081;N;C;T;;
11.03.2011;11:16:52.439;IBM;20.99;100;D;@;0;598082;N;C;T;;
11.03.2011;11:16:52.469;IBM;20.99;220;D;@;0;598083;N;C;T;;
11.03.2011;11:17:46.997;IBM;20.98;100;T;@;0;601774;N;C;;;
11.03.2011;11:17:47.043;IBM;20.88;100;N;@;0;601777;N;C;;;
11.03.2011;11:19:19.161;IBM;20.88;100;N;F;0;606552;N;C;;;
11.03.2011;11:27:32.179;IBM;21.02;100;N;F;0;637889;N;C;;;
11.03.2011;11:28:28.214;IBM;21.03;100;D;@;0;640691;N;C;T;;
11.03.2011;11:29:31.214;IBM;21.03;100;N;F;0;644808;N;C;;;
11.03.2011;11:30:16.171;IBM;21.03;100;N;F;0;647409;N;C;;;
11.03.2011;11:31:27.186;IBM;21.03;100;N;F;0;652552;N;C;;;
11.03.2011;11:32:38.183;IBM;21.03;100;N;F;0;655467;N;C;;;
11.03.2011;11:33:45.193;IBM;21.08;100;N;F;0;658367;N;C;;;
11.03.2011;11:35:07.163;IBM;21.11;100;P;F;0;663666;N;C;;;
11.03.2011;11:36:10.301;IBM;21.22;100;W;F;0;667482;N;C;;;
11.03.2011;11:37:22.266;IBM;21.22;100;D;@;0;670984;N;C;T;;
11.03.2011;11:38:29.164;IBM;21.22;100;D;@;0;674452;N;C;T;;
11.03.2011;11:39:33.346;IBM;21.22;100;D;@;0;678981;N;C;T;;
11.03.2011;11:40:34.264;IBM;20.977;150;D;@;0;682521;N;C;T;;
11.03.2011;11:41:03.307;IBM;21.21;100;D;@;0;683582;N;C;T;;
11.03.2011;11:42:47.165;IBM;21.21;100;D;@;0;688632;N;C;T;;
11.03.2011;11:44:39.183;IBM;21.21;100;N;F;0;694195;N;C;;;
11.03.2011;11:46:42.206;IBM;21.25;100;D;@;0;700726;N;C;T;;
11.03.2011;11:47:40.764;IBM;21.03;100;D;@;0;703877;N;C;T;;
11.03.2011;11:47:40.764;IBM;21.03;100;D;@;0;703878;N;C;T;;
11.03.2011;11:47:40.764;IBM;21.03;300;D;@;0;703879;N;C;T;;
11.03.2011;11:47:40.766;IBM;21.03;200;D;@;0;703880;N;C;N;;
11.03.2011;11:47:40.867;IBM;21.03;100;D;@;0;703881;N;C;T;;
11.03.2011;11:47:40.867;IBM;21.03;100;D;@;0;703882;N;C;T;;
11.03.2011;11:47:40.867;IBM;21.03;200;D;@;0;703883;N;C;T;;
11.03.2011;11:47:40.867;IBM;21.03;100;D;@;0;703884;N;C;T;;
11.03.2011;11:47:40.867;IBM;21.03;100;D;@;0;703885;N;C;T;;
11.03.2011;11:48:57.194;IBM;21.24;100;N;F;0;708479;N;C;;;
11.03.2011;11:51:19.171;IBM;21.24;100;N;F;0;715751;N;C;;;
11.03.2011;11:53:26.148;IBM;21.25;100;N;F;0;724293;N;C;;;
11.03.2011;11:58:12.244;IBM;21.24;100;D;@;0;738285;N;C;T;;
11.03.2011;12:01:34.468;IBM;21.15;500;D;@;0;749308;N;C;T;;
11.03.2011;12:01:34.498;IBM;21.15;100;K;@;0;749309;N;C;;;
11.03.2011;12:01:34.736;IBM;21.15;100;K;@;0;749325;N;C;;;
11.03.2011;12:01:43.076;IBM;21.23;100;T;@;0;749602;N;C;;;
11.03.2011;12:08:44.172;IBM;21.22;100;T;F;0;772449;N;C;;;
11.03.2011;12:13:06.221;IBM;21.21;100;T;F;0;786003;N;C;;;
11.03.2011;12:17:44.271;IBM;21.22;100;D;@;0;801351;N;C;T;;
11.03.2011;12:18:19.370;IBM;21.09;100;D;@;0;803883;N;C;T;;
11.03.2011;12:22:09.437;IBM;21.2;100;T;@;0;813159;N;C;;;
11.03.2011;12:22:15.034;IBM;21.1;100;K;@;0;813300;N;C;;;
11.03.2011;12:22:15.038;IBM;21.09;100;N;@;0;813301;N;C;;;
11.03.2011;12:22:15.164;IBM;21.0901;100;D;@;0;813303;N;C;T;;
11.03.2011;12:22:16.590;IBM;21.09;100;K;@;0;813335;N;C;;;
11.03.2011;12:22:16.590;IBM;21.09;100;K;@;0;813336;N;C;;;
11.03.2011;12:22:16.666;IBM;21.0901;100;D;@;0;813346;N;C;T;;
11.03.2011;12:22:16.666;IBM;21.0901;100;D;@;0;813347;N;C;T;;
11.03.2011;12:22:30.571;IBM;20.8901;200;D;@;0;813778;N;C;T;;
11.03.2011;12:28:41.164;IBM;21.09;100;D;@;0;831749;N;C;T;;
11.03.2011;12:31:18.187;IBM;21;100;Z;F;0;842970;N;C;;;
11.03.2011;12:35:42.164;IBM;20.9;400;D;@;0;856376;N;C;T;;
11.03.2011;12:35:42.184;IBM;20.89;100;P;F;0;856377;N;C;;;
11.03.2011;12:35:42.186;IBM;20.89;200;N;F;0;856378;N;C;;;
11.03.2011;12:38:05.108;IBM;20.99;100;P;@;0;863122;N;C;;;
11.03.2011;12:38:05.216;IBM;20.99;100;N;@;0;863124;N;C;;;
11.03.2011;12:39:03.068;IBM;20.99;100;D;@;0;866190;N;C;T;;
11.03.2011;12:39:03.068;IBM;20.99;100;D;@;0;866191;N;C;T;;
11.03.2011;12:39:03.068;IBM;20.99;300;D;@;0;866192;N;C;T;;
11.03.2011;12:39:03.068;IBM;20.99;450;D;@;0;866193;N;C;T;;
11.03.2011;12:39:03.667;IBM;20.98;100;D;@;0;866220;N;C;T;;
11.03.2011;12:45:04.849;IBM;20.99;100;N;@;0;883630;N;C;;;
11.03.2011;12:45:05.468;IBM;20.95;200;P;@;0;883692;N;C;;;
11.03.2011;12:49:04.868;IBM;20.9915;300;D;@;0;897237;N;C;T;;
11.03.2011;12:50:49.575;IBM;21;100;Z;@;0;904899;N;C;;;
11.03.2011;12:51:04.815;IBM;20.99;100;N;@;0;905883;N;C;;;
11.03.2011;12:51:04.819;IBM;20.99;100;N;@;0;905884;N;C;;;
11.03.2011;12:52:05.858;IBM;20.95;100;P;@;0;909694;N;C;;;
11.03.2011;13:09:03.472;IBM;20.86;300;D;@;0;960366;N;C;T;;
11.03.2011;13:09:03.476;IBM;20.85;300;N;F;0;960367;N;C;;;
11.03.2011;13:28:05.999;IBM;21;1800;Z;F;0;1016222;N;C;;;
11.03.2011;13:28:05.999;IBM;21;100;Z;F;0;1016223;N;C;;;
11.03.2011;13:28:06.035;IBM;20.98;100;T;@;0;1016224;N;C;;;
11.03.2011;13:28:06.051;IBM;20.999;1000;D;@;0;1016225;N;C;T;;
11.03.2011;13:28:06.059;IBM;21;150;C;F;0;1016226;N;C;;;
11.03.2011;13:28:06.059;IBM;21;150;C;F;0;1016227;N;C;;;
11.03.2011;13:28:06.059;IBM;21;150;C;F;0;1016228;N;C;;;
11.03.2011;13:28:06.061;IBM;21;150;C;F;0;1016229;N;C;;;
11.03.2011;13:28:06.061;IBM;21;150;C;F;0;1016230;N;C;;;
11.03.2011;13:28:06.065;IBM;21.05;100;N;@;0;1016232;N;C;;;
11.03.2011;13:28:06.067;IBM;20.98;100;T;@;0;1016233;N;C;;;
11.03.2011;13:28:06.087;IBM;21.05;100;N;F;0;1016234;N;C;;;
11.03.2011;13:28:06.089;IBM;20.98;100;T;@;0;1016236;N;C;;;
11.03.2011;13:28:06.105;IBM;21.05;100;N;F;0;1016237;N;C;;;
11.03.2011;13:28:06.163;IBM;21.08;100;K;F;0;1016264;N;C;;;
11.03.2011;13:28:06.169;IBM;21.09;750;K;F;0;1016265;N;C;;;
11.03.2011;13:28:08.769;IBM;21.09;200;D;@;0;1016320;N;C;T;;
11.03.2011;13:28:08.933;IBM;21.09;100;D;@;0;1016351;N;C;T;;
11.03.2011;13:31:59.063;IBM;20.9846;225;D;@;0;1027047;N;C;T;;
11.03.2011;13:33:48.460;IBM;21.08;100;P;@;0;1034125;N;C;;;
11.03.2011;13:34:47.127;IBM;21.08;100;K;F;0;1036026;N;C;;;
11.03.2011;13:34:47.179;IBM;21.09;200;T;F;0;1036027;N;C;;;
11.03.2011;13:34:47.555;IBM;21.09;200;T;@;0;1036041;N;C;;;
11.03.2011;13:35:00.827;IBM;21.08;150;K;@;0;1036809;N;C;;;
11.03.2011;13:45:51.860;IBM;21.05;100;Z;@;0;1070866;N;C;;;
11.03.2011;13:51:43.847;IBM;21.05;100;N;@;0;1095001;N;C;;;
11.03.2011;13:59:09.558;IBM;21;150;N;@;0;1124083;N;C;;;
11.03.2011;13:59:09.810;IBM;21;200;P;@;0;1124086;N;C;;;
11.03.2011;14:03:28.269;IBM;20.907;200;D;@;0;1143959;N;C;T;;
11.03.2011;14:08:14.671;IBM;20.9001;500;D;@;0;1164726;N;C;T;;
11.03.2011;14:09:24.654;IBM;21.05;100;Z;@;0;1169021;N;C;;;
11.03.2011;14:09:38.256;IBM;21.03;100;Z;@;0;1170050;N;C;;;
11.03.2011;14:09:38.256;IBM;21.05;100;Z;@;0;1170051;N;C;;;
11.03.2011;14:20:44.170;IBM;21;100;N;@;0;1212919;N;C;;;
11.03.2011;14:21:30.866;IBM;20.9999;200;D;@;0;1215580;N;C;T;;
11.03.2011;14:41:31.941;IBM;21;200;N;@;0;1277213;N;C;;;
11.03.2011;14:44:55.308;IBM;21;100;N;@;0;1286958;N;C;;;
11.03.2011;14:55:20.230;IBM;21;100;N;@;0;1317428;N;C;;;
11.03.2011;15:02:46.222;IBM;20.95;200;D;@;0;1343193;N;C;T;;
11.03.2011;15:07:26.367;IBM;20.9972;500;D;@;0;1361353;N;C;T;;
11.03.2011;15:13:53.361;IBM;21;200;N;@;0;1387225;N;C;;;
11.03.2011;15:18:23.489;IBM;21;100;N;@;0;1415151;N;C;;;
11.03.2011;15:23:59.663;IBM;21;100;N;@;0;1437275;N;C;;;
11.03.2011;15:26:39.407;IBM;20.91;100;B;@;0;1449078;N;C;;;
11.03.2011;15:26:39.551;IBM;20.9;200;P;F;0;1449093;N;C;;;
11.03.2011;15:26:39.615;IBM;20.88;100;K;@;0;1449097;N;C;;;
11.03.2011;15:26:39.663;IBM;20.85;100;D;@;0;1449100;N;C;T;;
11.03.2011;15:26:39.663;IBM;20.85;100;D;@;0;1449101;N;C;T;;
11.03.2011;15:26:39.663;IBM;20.85;100;D;@;0;1449102;N;C;T;;
11.03.2011;15:26:39.763;IBM;20.85;100;D;@;0;1449104;N;C;T;;
11.03.2011;15:26:39.763;IBM;20.85;600;D;@;0;1449105;N;C;T;;
11.03.2011;15:26:39.841;IBM;20.85;100;K;@;0;1449106;N;C;;;
11.03.2011;15:26:39.913;IBM;20.85;150;K;@;0;1449112;N;C;;;
11.03.2011;15:26:40.219;IBM;20.85;200;D;@;0;1449123;N;C;T;;
11.03.2011;15:26:40.231;IBM;20.85;100;K;@;0;1449124;N;C;;;
11.03.2011;15:26:40.233;IBM;20.85;250;K;@;0;1449125;N;C;;;
11.03.2011;15:26:40.293;IBM;20.84;200;K;@;0;1449130;N;C;;;
11.03.2011;15:26:40.313;IBM;20.84;200;K;@;0;1449131;N;C;;;
11.03.2011;15:26:40.339;IBM;20.84;100;K;@;0;1449132;N;C;;;
11.03.2011;15:26:40.347;IBM;20.84;294;Z;@;0;1449133;N;C;;;
11.03.2011;15:26:40.517;IBM;20.83;100;D;@;0;1449137;N;C;T;;
11.03.2011;15:26:40.517;IBM;20.83;100;D;@;0;1449138;N;C;T;;
11.03.2011;15:26:40.517;IBM;20.832;100;D;@;0;1449139;N;C;T;;
11.03.2011;15:26:40.517;IBM;20.83;100;D;@;0;1449140;N;C;T;;
11.03.2011;15:26:40.517;IBM;20.83;100;D;@;0;1449141;N;C;T;;
11.03.2011;15:26:40.541;IBM;20.83;100;D;@;0;1449144;N;C;T;;
11.03.2011;15:26:40.541;IBM;20.83;100;D;@;0;1449145;N;C;T;;
11.03.2011;15:26:40.541;IBM;20.83;100;D;@;0;1449146;N;C;T;;
11.03.2011;15:26:40.541;IBM;20.83;100;D;@;0;1449147;N;C;T;;
11.03.2011;15:26:40.667;IBM;20.83;100;P;@;0;1449152;N;C;;;
11.03.2011;15:26:41.903;IBM;20.83;100;P;@;0;1449219;N;C;;;
11.03.2011;15:26:42.336;IBM;20.8025;800;D;@;0;1449261;N;C;T;;
11.03.2011;15:28:50.050;IBM;20.8767;500;D;@;0;1463068;N;C;T;;
11.03.2011;15:29:30.805;IBM;20.8;100;N;@;0;1466498;N;C;;;
11.03.2011;15:30:29.155;IBM;20.9;100;T;@;0;1474981;N;C;;;
11.03.2011;15:30:29.155;IBM;20.92;100;T;@;0;1474982;N;C;;;
11.03.2011;15:31:43.235;IBM;20.86;100;N;@;0;1484599;N;C;;;
11.03.2011;15:35:07.336;IBM;20.81;200;N;@;0;1504355;N;C;;;
11.03.2011;15:38:21.771;IBM;20.94;100;N;@;0;1524638;N;C;;;
11.03.2011;15:40:18.624;IBM;20.81;100;P;@;0;1537786;N;C;;;
11.03.2011;15:43:20.159;IBM;20.8;100;N;@;0;1559637;N;C;;;
11.03.2011;15:45:45.982;IBM;20.81;100;N;@;0;1583420;N;C;;;
11.03.2011;15:46:04.597;IBM;20.81;100;P;@;0;1585448;N;C;;;
11.03.2011;15:46:19.768;IBM;20.85;100;N;@;0;1587817;N;C;;;
11.03.2011;15:46:28.692;IBM;20.81;100;N;@;0;1588870;N;C;;;
11.03.2011;15:49:02.737;IBM;20.81;100;N;@;0;1612278;N;C;;;
11.03.2011;15:51:34.083;IBM;20.875;100;T;@;0;1637506;N;C;;;
11.03.2011;15:52:01.537;IBM;20.94;100;N;@;0;1643296;N;C;;;
11.03.2011;15:53:30.552;IBM;20.81;100;N;@;0;1660175;N;C;;;
11.03.2011;15:55:18.395;IBM;20.88;100;D;@;0;1686555;N;C;T;;
11.03.2011;15:55:18.395;IBM;20.88;100;D;@;0;1686556;N;C;T;;
11.03.2011;15:55:18.395;IBM;20.88;300;D;@;0;1686557;N;C;T;;
11.03.2011;15:55:18.451;IBM;20.88;400;D;@;0;1686570;N;C;T;;
11.03.2011;15:55:18.467;IBM;20.878;100;D;@;0;1686571;N;C;T;;
11.03.2011;15:55:18.483;IBM;20.82;100;N;@;0;1686573;N;C;;;
11.03.2011;15:55:30.665;IBM;20.8;100;D;@;0;1691311;N;C;T;;
11.03.2011;15:55:52.192;IBM;20.88;100;N;F;0;1696718;N;C;;;
11.03.2011;15:56:33.451;IBM;20.81;100;N;@;0;1706198;N;C;;;
11.03.2011;15:56:52.275;IBM;20.88;100;C;F;0;1710017;N;C;;;
11.03.2011;15:57:52.641;IBM;20.83;100;N;@;0;1725888;N;C;;;
11.03.2011;15:58:37.147;IBM;20.8;100;N;@;0;1737064;N;C;;;
11.03.2011;15:59:18.781;IBM;20.8;100;P;@;0;1749102;N;C;;;
11.03.2011;15:59:45.136;IBM;20.8;302;P;F;0;1759875;N;C;;;
11.03.2011;15:59:59.336;IBM;20.88;100;N;F;0;1766711;N;C;;;
11.03.2011;16:00:00.270;IBM;20.88;100;P;M;0;1767072;N;C;;X;
11.03.2011;16:00:00.552;IBM;20.875;100;T;M;0;1767238;N;C;;X;
11.03.2011;16:04:50.065;IBM;20.89;100;N;6;0;1767798;N;C;;;
